Date,Open,High,Low,Close,Volume,10 MA,20 MA,30 MA,26 MA,26 EMA,12 EMA,MACD,Daily return
2015-02-04,529.24,532.67,521.27,522.76,1659125,,,,,522.76,522.76,0.0,
2015-02-05,523.79,528.5,522.09,527.58,1844687,,,,,525.2626923076923,525.3708333333334,0.10814102564108907,0.009220292294743304
2015-02-06,527.64,537.2,526.41,531.0,1758650,,,,,527.3240512567767,527.5678983833718,0.24384712659514207,0.006482429205049378
2015-02-09,528.0,532.0,526.02,527.83,1264276,,,,,527.4654924156346,527.6506336206896,0.1851412050550607,-0.005969868173257953
2015-02-10,529.3,537.7,526.92,536.94,1745076,,,,,529.6626698029928,530.1745212659697,0.5118514629768924,0.017259344864823944
2015-02-11,535.3,538.45,533.38,535.97,1373970,,,,,530.9259777359923,531.5831274973423,0.657149761349956,-0.001806533318434167
2015-02-12,537.25,544.82,534.67,542.93,1615824,,,,,533.0608308684442,534.1151423966328,1.0543115281885775,0.012985801444110434
2015-02-13,543.35,549.91,543.13,549.01,1895126,,,,,535.6306372092463,537.2234696024342,1.592832393187905,0.011198497043817923
2015-02-17,546.83,550.0,541.09,542.84,1612439,,,,,536.6992230415234,538.3346192240937,1.6353961825702754,-0.011238410957906009
2015-02-18,541.4,545.49,537.51,539.7,1449089,535.656,,,,537.1133010561675,538.5933583504803,1.4800572943128145,-0.0057843931913639235
2015-02-19,538.04,543.11,538.01,542.87,987478,537.6669999999999,,,,537.8599467329075,539.3758806552289,1.5159339223214374,0.005873633500092623
2015-02-20,543.13,543.75,535.8,538.95,1441212,538.8039999999999,,,,537.9938769520977,539.3001604728356,1.3062835207379067,-0.007220881610698671
2015-02-23,536.05,536.44,529.41,531.91,1453907,538.8949999999999,,,,537.28115186453,538.0169478663755,0.7357960018455287,-0.013062436218573281
2015-02-24,530.0,536.79,528.25,536.09,1002393,539.7209999999999,,,,537.147371334523,537.6888501687242,0.5414788342012571,0.00785847229794534
2015-02-25,535.9,546.22,535.44,543.87,1821041,540.414,,,,537.8745950824504,538.7242985830552,0.8497035006048463,0.014512488574679683
2015-02-26,543.21,556.14,541.5,555.48,2305219,542.3649999999999,,,,539.7162650617752,541.493310353453,1.7770452916778368,0.021347013072976928
2015-02-27,554.24,564.71,552.9,558.4,2403553,543.9119999999998,,,,541.6128273206178,544.2557499030286,2.6429225824107334,0.0052567149132281
2015-03-02,560.53,572.15,558.75,571.34,2123796,546.1449999999998,,,,544.549819570817,548.6392843065053,4.089464735688239,0.023173352435530203
2015-03-03,570.45,575.39,566.52,573.64,1700084,549.2249999999998,,,,547.3545338959543,552.6534812410699,5.298947345115607,0.004025623971715575
2015-03-04,571.87,577.11,568.01,573.37,1871694,552.5919999999999,544.124,,,549.8079900869366,555.9575992797489,6.149609192812363,-0.0004706784743043757
2015-03-05,575.02,577.91,573.41,575.33,1385818,555.8379999999999,546.7524999999999,,,552.1671749780104,559.0299951766976,6.8628201986872455,0.0034183860334513483
2015-03-06,574.88,576.68,566.76,567.68,1654561,558.7109999999999,548.7574999999999,,,553.5752808326462,560.3953700192949,6.820089186648715,-0.013296716666956532
2015-03-09,566.86,570.27,563.54,568.85,1059336,562.405,550.65,,,554.9390044949479,561.7245879677212,6.785583472773283,0.0020610202931230504
2015-03-10,564.25,564.85,554.73,555.01,1787357,564.2969999999999,552.009,,,554.9452480212005,560.6724827983422,5.727234777141689,-0.02432978816911313
2015-03-11,555.14,558.14,550.68,551.18,1815763,565.028,552.721,,,554.6186518754099,559.1893278503356,4.570675974925734,-0.006900776562584476
2015-03-12,553.51,556.37,550.46,555.51,1385772,565.031,553.6980000000001,,548.3092307692308,554.695000073456,558.6158263665877,3.9208262931317677,0.007855872854602985
2015-03-13,553.5,558.4,544.22,547.32,1698872,563.923,553.9175,,549.2538461538462,554.0705281139668,556.8586900248398,2.7881619108729865,-0.01474320894313319
2015-03-16,550.95,556.85,546.0,554.51,1636493,562.24,554.1925,,550.2896153846154,554.1073497158865,556.4939603435051,2.3866106276186656,0.013136739019220744
2015-03-17,551.71,553.8,548.0,550.84,1800570,559.9599999999999,554.5925,,551.0526923076924,553.836224627936,555.6172194513329,1.7809948233968953,-0.006618455934067846
2015-03-18,552.5,559.78,547.0,559.5,2128714,558.573,555.5825,548.9403333333333,552.2707692307692,554.3020566923642,556.2185753886014,1.9165186962371763,0.01572144361339034
2015-03-19,559.39,560.8,556.14,557.99,1194049,556.8389999999999,556.3385,550.1146666666667,553.0803846153847,554.602922126546,556.4926467700116,1.88972464346557,-0.0026988382484360862
2015-03-20,561.65,561.72,559.05,560.36,2609690,556.1069999999999,557.4089999999999,551.2073333333334,554.0184615384616,555.0690898504755,557.0904749129262,2.0213850624506904,0.004247387946020531
2015-03-23,560.43,562.36,555.83,558.81,1639306,555.1029999999998,558.7539999999999,552.1343333333334,554.6292307692308,555.369927029321,557.3560889482612,1.9861619189401836,-0.002766078949247075
2015-03-24,562.56,574.59,561.21,570.19,2576234,556.6209999999999,560.459,553.5463333333333,555.4438461538462,556.5542170385909,559.3373008748243,2.783083836233459,0.020364703566507547
2015-03-25,570.5,572.26,558.74,558.78,2146384,557.3809999999999,561.2044999999999,554.2743333333333,556.0569230769231,556.7310498573802,559.2513138742028,2.52026401682258,-0.020010873568459764
2015-03-26,557.59,558.9,550.65,555.17,1568331,557.3469999999999,561.189,554.9143333333333,556.6519230769231,556.6076912543284,558.6218808327561,2.014189578427704,-0.006460503239199666
2015-03-27,553.0,555.28,548.13,548.34,1892323,557.4489999999998,560.6859999999999,555.0946666666665,556.8623076923077,555.9575720504276,557.0367744478414,1.0792023974137237,-0.012302537961345061
2015-03-30,551.62,553.47,548.17,552.03,1283958,557.2009999999998,559.7205,555.1953333333332,557.3653846153846,555.6501343072465,556.2651510010306,0.6150166937841277,0.0067294014662435675
2015-03-31,550.0,554.71,546.72,548.0,1583677,556.9169999999998,558.4385,555.3673333333332,557.9842307692307,555.0538125027499,554.9917034677197,-0.06210903503017562,-0.0073003278807310945
2015-04-01,548.6,551.14,539.5,542.56,1957718,555.2229999999997,556.8979999999999,555.4626666666666,558.2330769230769,554.0836892303067,553.0767341239724,-1.006955106334317,-0.009927007299270207
2015-04-02,540.85,540.85,533.85,535.53,1711737,552.9769999999997,554.908,555.218,557.9123076923076,552.6481577562731,550.3743712914678,-2.273786464805312,-0.012957092303155338
2015-04-06,532.22,538.41,529.57,536.76,1320767,550.6169999999998,553.362,555.1449999999999,557.1923076923077,551.4229036226636,548.2779718164919,-3.144931806171712,0.0022967900957930887
2015-04-07,538.08,542.69,536.0,537.02,1299298,548.4379999999999,551.7705,555.3153333333332,556.37,550.315558555073,546.5446603280384,-3.7708982270346496,0.00048438780833137685
2015-04-08,538.38,543.85,538.38,541.61,1175332,545.5799999999999,551.1005,555.4993333333332,555.2265384615386,549.648120182404,545.7849938454842,-3.863126336919777,0.008547167703251368
2015-04-09,541.03,541.95,535.49,540.78,1553586,543.78,550.5805,555.3963333333332,553.9626923076924,548.9699776225476,545.0145760505635,-3.955401571984112,-0.0015324680120382128
2015-04-10,542.29,542.29,537.31,540.01,1405574,542.2639999999999,549.8055,554.8806666666665,552.6796153846154,548.286448237184,544.2442870128114,-4.042161224372649,-0.00142386922593285
2015-04-13,538.41,544.06,537.31,539.17,1640809,541.347,549.398,554.2396666666664,551.2888461538462,547.5925177691201,543.4633235593249,-4.129194209795287,-0.0015555267495046543
2015-04-14,536.25,537.57,528.09,530.39,2597043,539.183,548.192,552.8746666666664,549.8546153846154,546.2857593117227,541.4513805151283,-4.834378796594365,-0.01628428881428856
2015-04-15,528.7,534.73,523.22,532.53,2312512,537.636,547.2765,551.504333333333,548.4576923076924,545.2427979833153,540.0784779133317,-5.16432006998366,0.0040347668696618655
2015-04-16,529.9,535.59,529.61,533.8,1296304,536.76,545.9915,550.185333333333,547.6419230769231,544.3767174161652,539.1123304572587,-5.264386958906471,0.002384842168516199
2015-04-17,528.66,529.84,521.01,524.05,2145955,535.6120000000001,544.2945,548.4759999999995,546.5984615384615,542.8407109927306,536.7945864871931,-6.0461245055374775,-0.018265267890595682
2015-04-20,525.6,536.09,524.5,535.38,1675487,535.474,543.0455,547.399333333333,545.8242307692307,542.2777755459765,536.5769210555344,-5.7008544904421115,0.02162007442037983
2015-04-21,537.51,539.39,533.68,533.97,1839668,535.1690000000001,541.8034999999999,546.2366666666663,545.3107692307692,541.6517896539452,536.1757989861272,-5.475990667817996,-0.0026336433934774917
2015-04-22,534.4,541.08,531.75,539.36,1589248,534.9440000000001,540.262,545.7149999999997,544.7280769230769,541.4793246304378,536.6657352763465,-4.8135893540912775,0.010094200048691881
2015-04-23,541.0,550.96,540.23,547.0,4173376,535.566,539.6729999999999,545.5756666666663,544.5803846153846,541.8942849823802,538.2557847581835,-3.6385002241967186,0.014164936220705915
2015-04-24,566.1,571.14,557.25,565.06,4919031,538.0710000000001,540.1674999999998,545.8939999999997,544.7942307692307,543.6336337462916,542.3798670335013,-1.2537667127902523,0.03301645338208403
2015-04-27,563.39,565.95,553.2,555.37,2398039,539.691,540.5189999999999,546.1623333333331,544.6934615384615,544.5139459376461,544.3784953619319,-0.13545057571423058,-0.017148621385339458
2015-04-28,554.64,556.02,550.37,553.68,1490983,542.0200000000001,540.6014999999999,546.1346666666665,544.4365384615384,545.200825202359,545.8095847355493,0.6087595331902094,-0.0030430163674668442
2015-04-29,550.47,553.68,546.9,549.08,1698761,543.6750000000001,540.6554999999998,546.0759999999998,544.0623076923076,545.4912693383288,546.312751922316,0.8214825839871764,-0.00830804796994633
2015-04-30,547.87,548.59,535.05,537.34,2082214,544.0290000000001,540.3944999999999,545.3373333333332,542.7988461538461,544.8814491139243,544.9322673158058,0.05081820188149777,-0.02138121949442706
2015-05-01,538.43,539.54,532.1,537.9,1768181,545.414,540.5129999999998,544.6676666666666,541.9957692307692,544.3595321650181,543.8503394288234,-0.5091927361946773,0.001042170692671096
2015-05-04,538.53,544.07,535.06,540.78,1307960,545.954,540.7139999999998,544.0149999999999,541.4423076923076,544.0921174463654,543.3779645148245,-0.7141529315408661,0.00535415504740655
2015-05-05,538.21,539.74,530.39,530.8,1383068,545.637,540.4029999999998,543.0813333333332,540.7676923076922,543.0997361111417,541.4428410494122,-1.6568950617295286,-0.01845482451274094
2015-05-06,531.24,532.38,521.08,524.22,1566987,544.123,539.5334999999998,541.5489999999999,539.6980769230768,541.6910111382037,538.7931129454396,-2.89789819276416,-0.012396382818387175
2015-05-07,523.99,533.46,521.75,530.7,1546278,542.493,539.0294999999998,540.6129999999998,539.0326923076922,540.8713529633645,537.5479946899795,-3.323358273384997,0.012361222387547333
2015-05-08,536.65,541.15,536.0,538.22,1527615,539.809,538.9399999999997,540.0479999999998,538.865769230769,540.6737265266696,537.6513818054387,-3.0223447212308656,0.01416996419822869
2015-05-11,538.37,541.98,535.4,535.7,905285,537.842,538.7664999999997,539.6266666666664,538.8723076923076,540.3031670028201,537.3511650843709,-2.952001918449241,-0.004682100256400701
2015-05-12,531.6,533.21,525.26,529.04,1634174,535.3779999999999,538.6989999999998,538.8603333333331,538.5753846153846,539.4643829054689,536.0725093979744,-3.3918735074945516,-0.012432331528840934
2015-05-13,530.56,534.32,528.66,529.62,1253063,533.432,538.5534999999998,538.2476666666664,538.2907692307691,538.7315488740177,535.079805853519,-3.6517430204986567,0.0010963254196281191
2015-05-14,533.77,539.0,532.41,538.4,1403935,533.5379999999999,538.7834999999998,538.1089999999998,538.1673076923075,538.7068768376273,535.5906092158964,-3.1162676217309127,0.01657792379441858
2015-05-15,539.18,539.27,530.38,533.85,1971343,533.133,539.2734999999999,538.0529999999998,537.9007692307691,538.3455778706484,535.3228212916724,-3.0227565789759865,-0.008450965824665646
2015-05-18,532.01,534.82,528.85,532.3,2003421,532.2850000000001,539.1194999999999,537.9043333333332,537.6042307692306,537.8959940930782,534.8577690834074,-3.038225009670782,-0.002903437295120437
2015-05-19,533.98,540.66,533.04,537.36,1966947,532.941,539.289,537.9156666666664,537.5346153846152,537.8561461257611,535.2427296322949,-2.613416493466275,0.009505917715574075
2015-05-20,538.49,542.92,532.97,539.27,1430826,534.446,539.2845,537.8376666666665,537.8761538461538,537.961229368341,535.8623123394998,-2.0989170288412424,0.003554414172993736
2015-05-21,537.95,543.84,535.98,542.51,1462695,535.6270000000001,539.06,537.895333333333,538.2599999999999,538.2992276246478,536.885037220229,-1.4141904044187186,0.006008122090974899
2015-05-22,540.15,544.19,539.51,540.11,1176214,535.816,537.8125,537.8986666666664,538.5026923076922,538.4337466854635,537.3811868599082,-1.0525598255552495,-0.004423881587436118
2015-05-26,538.12,539.0,529.88,532.32,2406512,535.478,536.66,537.670333333333,538.8207692307692,537.9796645533006,536.6025407095328,-1.3771238437677766,-0.014422987909870177
2015-05-27,532.8,540.55,531.71,539.79,1525019,536.553,535.9654999999999,537.9836666666664,538.9903846153845,538.1140957115255,537.0929201373376,-1.0211755741878505,0.014032912533814113
2015-05-28,538.01,540.61,536.25,539.78,1029849,537.569,535.5004999999999,538.225333333333,539.2138461538461,538.2377790605467,537.5063178064091,-0.7314612541375709,-1.8525722966344915e-05
2015-05-29,537.37,538.63,531.45,532.11,2597407,536.9399999999999,535.2389999999999,538.1689999999996,538.935,537.7829056935187,536.6761137634003,-1.1067919301184475,-0.014209492756308006
2015-06-01,536.79,536.79,529.76,533.99,1904332,536.954,535.0435,538.5003333333331,538.4346153846153,537.501397426502,536.2628649430634,-1.2385324834385756,0.0035331040574317907
2015-06-02,532.93,543.0,531.33,539.18,1938989,537.6419999999999,534.9635,538.6269999999997,537.4392307692308,537.6259646428948,536.7116554563551,-0.9143091865397537,0.00971928313264292
2015-06-03,539.91,543.5,537.11,540.31,1717036,537.937,535.439,538.838333333333,536.8599999999999,537.8251170528844,537.2652474512124,-0.5598696016719487,0.002095775065840799
2015-06-04,537.76,540.59,534.32,536.7,1348337,537.68,536.063,538.7496666666664,536.2069230769231,537.7416450483595,537.1782862348766,-0.5633588134828642,-0.006681349595602293
2015-06-05,536.35,537.2,532.52,533.33,1388220,536.762,536.1945,538.2939999999998,535.6011538461538,537.414384599824,536.5862417955166,-0.8281428043073902,-0.006279113098565325
2015-06-08,533.31,534.12,526.24,526.83,1524139,535.434,535.625,537.0196666666665,535.196923076923,536.6293078506354,535.0852806542913,-1.5440271963441319,-0.012187576172351111
2015-06-09,527.56,529.2,523.01,526.69,1455266,534.8709999999999,535.1745,536.0636666666664,534.7657692307693,535.8921514584821,533.7936983853531,-2.098453073129008,-0.00026574037165683073
2015-06-10,529.36,538.36,529.35,536.69,1814958,534.5609999999999,535.557,535.4973333333331,534.6084615384615,535.9513190824068,534.2392834329985,-1.7120356494083353,0.018986500598074718
2015-06-11,538.42,538.98,533.02,534.61,1217536,534.044,535.8064999999999,535.0149999999999,534.755,535.8518566880819,534.296316770911,-1.5555399171709041,-0.003875607892824595
2015-06-12,531.6,533.12,530.16,532.33,955789,534.066,535.5029999999999,534.8479999999998,535.0669230769231,535.5907221280196,533.9938064090956,-1.5969157189240377,-0.004264791156169845
2015-06-15,528.0,528.3,524.0,527.2,1632702,533.387,535.1705,534.4913333333332,534.9323076923077,534.9686218299636,532.948605161811,-2.020016668152607,-0.00963687937933233
2015-06-16,528.4,529.64,525.56,528.15,1071814,532.2839999999999,534.963,534.0703333333332,534.5450000000001,534.4631133849017,532.2103580576907,-2.252755327211048,0.001801972685887554
2015-06-17,529.37,530.98,525.1,529.26,1294216,531.1789999999999,534.558,534.0189999999999,534.2973076923078,534.0773970687362,531.7564567368097,-2.320940331926522,0.0021016756603238207
2015-06-18,531.0,538.15,530.79,536.73,1833109,531.1819999999999,534.4309999999999,534.4359999999999,534.593076923077,534.2740280213352,532.5216173547141,-1.752410666621131,0.01411404602652766
2015-06-19,537.21,538.25,533.01,536.69,1893497,531.5179999999998,534.14,534.6356666666666,534.865,534.4531085252665,533.1629070746257,-1.2902014506408932,-7.452536657159836e-05
2015-06-22,539.59,543.74,537.53,538.19,1250282,532.6539999999999,534.044,534.6346666666665,534.8569230769232,534.7300866041345,533.9363060700788,-0.7937805340557134,0.002794909538094581
2015-06-23,539.64,541.5,535.25,540.48,1197450,534.0329999999998,534.452,534.7939999999999,535.1119230769232,535.1562501611263,534.943028305506,-0.21322185562030427,0.004255002880023673
2015-06-24,540.0,540.0,535.66,537.84,1286608,534.1479999999998,534.3545,535.0873333333332,535.325,535.3551519110239,535.3887162931043,0.03356438208038526,-0.004884547069271772
2015-06-25,538.87,540.9,535.23,535.23,1335697,534.2099999999998,534.127,535.2743333333332,535.243076923077,535.345876845388,535.3642984002536,0.0184215548655402,-0.004852744310575696
2015-06-26,537.26,537.76,531.35,531.69,2109130,534.1459999999997,534.106,535.0506666666665,534.9515384615386,535.0749479902919,534.7990216918723,-0.27592629841956295,-0.006613979037049411
2015-06-29,525.01,528.61,520.54,521.52,1937821,533.5779999999997,533.4825,534.6396666666665,534.1442307692308,534.070454956477,532.7560951816575,-1.3143597748194225,-0.01912768718614244
2015-06-30,526.02,526.25,520.5,520.51,2235595,532.8139999999999,532.549,534.2466666666664,533.3903846153846,533.0655851718358,530.8720804633506,-2.193504708485193,-0.0019366467249577468
2015-07-01,524.73,525.69,518.23,521.84,1961354,532.0719999999999,531.6255,533.7293333333331,532.9873076923078,532.2337601619386,529.4825295760448,-2.7512305858937225,0.0025551862596300268
2015-07-02,521.08,524.65,521.08,523.4,1235903,530.7389999999998,530.9604999999999,533.2003333333331,532.3569230769232,531.5791888384044,528.5467557684524,-3.0324330699520488,0.002989422045071244
2015-07-06,519.5,525.25,519.0,522.86,1280525,529.3559999999998,530.437,532.5453333333331,531.7061538461539,530.9331231125232,527.671870244521,-3.2612528680022024,-0.001031715705005709
2015-07-07,523.13,526.18,515.18,525.02,1597229,528.0389999999998,530.3465,532.0423333333331,531.4334615384616,530.4949884798481,527.2638901985796,-3.231098281268487,0.00413112496653012
2015-07-08,521.05,522.73,516.11,516.83,1296699,525.6739999999998,529.8534999999999,531.5259999999998,530.7734615384617,529.4824985463024,525.6586762941666,-3.8238222521357557,-0.015599405736924199
2015-07-09,523.12,523.77,520.35,520.68,1842347,523.9579999999999,529.053,530.8889999999998,530.0619230769232,528.8303014351067,524.8927260838767,-3.9375753512299525,0.007449257976510415
2015-07-10,526.29,532.56,525.55,530.13,1956682,523.4479999999998,528.829,530.5673333333332,529.6703846153847,528.9265973015747,525.698460542469,-3.2281367591057233,0.018149343166628418
2015-07-13,532.88,547.11,532.4,546.55,2206475,524.9339999999999,529.5399999999998,531.0486666666665,530.0492307692308,530.2323094762298,528.9063897233283,-1.325919752901541,0.03097353479335241
2015-07-14,546.76,565.85,546.71,561.1,3244066,528.8919999999998,531.2349999999999,531.9523333333332,531.1173076923077,532.5192509507876,533.8592528866423,1.340001935854616,0.026621535083707126
2015-07-15,560.13,566.5,556.79,560.22,1784554,532.8629999999998,532.8384999999998,532.6536666666665,532.4015384615385,534.5715287769542,537.9147524729083,3.343223695954066,-0.0015683478880770263
2015-07-16,565.12,580.68,565.0,579.85,4768318,538.6639999999999,535.3679999999998,533.9716666666665,534.4461538461538,537.9260503285096,544.3663290564111,6.4402787279015,0.0350398057905823
2015-07-17,649.0,674.47,645.0,672.93,11164943,553.617,542.1779999999999,538.5126666666663,539.6861538461538,547.9278908997829,564.1453554614548,16.217464561671818,0.16052427351901333
2015-07-20,659.24,668.88,653.01,663.02,5860872,567.6329999999999,548.4944999999999,542.8356666666664,544.625,556.4544542328356,579.3568393056149,22.90238507277934,-0.014726643187255695
2015-07-21,655.21,673.0,654.3,662.3,3377196,581.3609999999999,554.6999999999998,547.351333333333,549.6238461538461,564.2959055273564,592.1173256152663,27.821420087909928,-0.0010859400923050044
2015-07-22,660.89,678.64,659.0,662.1,3929309,595.8879999999999,560.7809999999998,551.8649999999997,554.8123076923076,571.5415434858471,602.8838909401916,31.342347454344463,-0.0003019779556091562
2015-07-23,661.27,663.63,641.0,644.28,3029109,608.2479999999998,566.1029999999998,555.451333333333,559.2788461538462,576.9301903244352,609.2525231207402,32.32233279630498,-0.026914363389216156
2015-07-24,647.0,648.17,622.52,623.56,3625747,617.5909999999999,570.5194999999999,558.416333333333,562.9057692307692,580.3846141724721,611.4536734149754,31.069059242503272,-0.03215993046501531
2015-07-27,621.0,634.3,620.5,627.26,2675381,625.6619999999999,575.2979999999999,561.5806666666663,566.3876923076923,583.8572036648343,613.8854159713021,30.02821230646782,0.00593367117839505
2015-07-28,632.83,632.83,623.31,628.0,1727327,632.3519999999999,580.6219999999998,564.9406666666662,569.8996153846153,587.1273357490564,616.0568904408708,28.92955469181436,0.0011797340815611346
2015-07-29,628.8,633.36,622.65,631.93,1575069,639.5229999999999,586.1929999999999,568.3999999999995,573.505,590.4463291484,618.4989072995616,28.052578151161583,0.006257961783439514
2015-07-30,630.0,635.22,622.05,632.59,1474203,644.7969999999998,591.7304999999999,571.8443333333329,577.0476923076923,593.5683242635396,620.6667677175977,27.098443454058156,0.0010444194768408632
2015-07-31,631.38,632.91,625.5,625.61,1706149,640.0649999999998,596.8409999999999,574.8069999999996,580.4234615384615,595.9419518891946,621.4272649925805,25.48531310338592,-0.01103400306675728
2015-08-03,625.34,633.06,625.34,631.21,1304511,636.8839999999998,602.2584999999999,577.9576666666663,584.115,598.5545733205439,622.9323011488526,24.377727828308707,0.008951263566758794
2015-08-04,628.42,634.81,627.16,629.25,1490881,633.5789999999998,607.4699999999999,580.9929999999997,587.8673076923077,600.8284483870813,623.9042548189618,23.07580643188055,-0.0031051472568559557
2015-08-05,634.33,647.86,633.16,643.78,2334266,631.7469999999997,613.8174999999999,584.436333333333,592.5696153846154,604.0102258755032,626.9620617717592,22.951835896255943,0.023090981326976623
2015-08-06,645.0,645.38,632.25,642.68,1572600,631.5869999999998,619.9174999999999,587.9309999999997,597.2684615384616,606.874804533887,629.3802061158157,22.50540158192871,-0.0017086582372860537
2015-08-07,640.23,642.68,629.71,635.3,1403865,632.7609999999999,625.1759999999999,591.2666666666663,601.6323076923077,608.980477305306,630.290943636858,21.310466331551993,-0.011483164249704303
2015-08-10,639.48,643.44,631.25,633.73,1809205,633.4079999999998,629.535,594.6679999999997,605.8757692307693,610.8138581082669,630.8200292313834,20.006171123116474,-0.002471273414135
2015-08-11,669.2,674.9,654.27,660.78,5029203,636.6859999999998,634.519,599.3099999999996,611.1803846153846,614.5152086315026,635.429255504922,20.914046873419466,0.042683792782415075
2015-08-12,663.08,665.0,652.29,659.56,2940803,639.4489999999998,639.486,603.9449999999997,616.355,617.8519890824837,639.141677735918,21.289688653434382,-0.0018463028542026194
2015-08-13,659.32,664.5,651.66,656.45,1810749,641.8349999999998,643.316,608.4319999999997,621.725,620.7112035408685,641.804496546374,21.09329300550553,-0.00471526472193573
2015-08-14,655.01,659.86,652.66,657.12,1072061,644.9859999999998,642.5255,612.889333333333,626.9726923076923,623.408240984597,644.160727847379,20.752486862782007,0.001020641328357108
2015-08-17,656.8,661.38,651.24,660.87,1051699,647.9519999999998,642.418,617.4896666666663,632.0011538461538,626.1832714187966,646.7313851020413,20.54811368324465,0.005706720233747298
2015-08-18,661.9,664.0,653.46,656.13,1456059,650.6399999999998,642.1095,621.8599999999996,636.2157692307693,628.4016107634693,648.1773258557698,19.775715092300516,-0.00717236370239227
2015-08-19,656.6,667.0,654.19,660.9,2134098,652.3519999999997,642.0495,626.662333333333,640.0542307692309,630.8089623128645,650.1346603397225,19.325698026857935,0.007269900781857297
2015-08-20,655.46,662.99,642.9,646.83,2855299,652.7669999999997,642.1769999999999,630.867333333333,643.3853846153847,631.995734811291,649.6262510566388,17.63051624534785,-0.021289151157512398
2015-08-21,639.78,640.05,612.33,612.48,4265183,650.4849999999998,641.6229999999999,633.6123333333329,644.6403846153848,630.5500921545316,643.9114432013009,13.3613510467693,-0.05310514354621776
2015-08-24,573.0,614.0,565.05,589.61,5770302,646.0729999999998,639.7405,635.0476666666663,641.4357692307694,627.5174292759259,635.5573750159036,8.039945739977725,-0.03733999477533956
2015-08-25,614.91,617.45,581.11,582.06,3537966,638.2009999999998,637.4435,635.746333333333,638.3219230769233,624.1501470501141,627.3270096283564,3.1768625782423214,-0.012805074540798267
2015-08-26,610.35,631.71,599.05,628.62,4235891,635.1069999999997,637.278,638.026333333333,637.0265384615387,624.4812532087273,627.5259312240038,3.0446780152765314,0.07999175342748188
2015-08-27,639.4,643.59,622.0,637.61,3491336,633.2229999999997,637.529,639.9516666666664,636.0846153846157,625.453769125773,629.0773264203764,3.6235572946034154,0.014301167637046142
2015-08-28,632.82,636.88,624.56,630.38,1978733,630.5489999999998,637.7674999999999,638.5333333333331,635.5500000000004,625.8186807290925,629.2777377403256,3.459057011233085,-0.011339219899311526
2015-08-31,627.54,635.8,617.68,618.25,2176737,626.2869999999998,637.1195,637.0409999999997,635.3457692307695,625.2580297276165,627.5811627033012,2.3231329756846435,-0.01924236175005556
2015-09-01,602.36,612.86,594.1,597.79,3702105,620.4529999999997,635.5465,634.8906666666664,634.2123076923082,623.223334028256,622.9979069026762,-0.22542712557981304,-0.033093408815204284
2015-09-02,605.59,614.34,599.71,614.34,2575620,615.7969999999998,634.0745,633.2986666666665,633.6869230769236,622.5653012509847,621.6659212253126,-0.8993800256721443,0.02768530754947407
2015-09-03,617.0,619.71,602.82,606.25,1759572,611.7389999999998,632.2529999999999,632.0309999999998,632.6992307692312,621.3567467544412,619.2942410367596,-2.062505717681688,-0.013168603704788895
2015-09-04,600.0,603.47,595.25,600.7,2089453,610.5609999999999,630.523,631.2689999999999,631.4726923076928,619.8266013477823,616.4335885695216,-3.393012778260754,-0.009154639175257606
2015-09-08,612.49,616.31,604.12,614.66,2279538,613.0659999999999,629.5695000000001,630.8489999999999,631.0515384615389,619.4438864273637,616.1607287895916,-3.283157637772092,0.023239553853837025
2015-09-09,621.22,626.52,609.6,612.72,1702094,616.132,627.1665,630.3396666666666,630.3403846153851,618.9458162961197,615.6313858988793,-3.3144303972403577,-0.0031562164448637464
2015-09-10,613.1,624.16,611.43,621.35,1900526,615.405,625.2560000000001,629.9869999999999,630.036538461539,619.1239054577691,616.5111726836755,-2.6127327740936153,0.014084736910823903
2015-09-11,619.75,625.78,617.42,625.77,1373545,614.221,623.722,629.7596666666666,629.3438461538466,619.6162125451198,617.9356076554291,-1.6806048896906987,0.007113543091655128
2015-09-14,625.7,625.86,619.43,623.24,1702271,613.507,622.028,629.6806666666666,628.5961538461543,619.8846431578592,618.7516680161377,-1.132975141721431,-0.00404301900059123
2015-09-15,626.7,638.7,623.78,635.14,2084397,615.196,620.7414999999999,629.8116666666666,628.5900000000004,621.0146770449531,621.2729498598231,0.2582728148699971,0.019093768050831184
2015-09-16,635.47,637.95,632.32,635.98,1286454,619.0150000000001,619.7339999999999,630.036,628.6765384615389,622.1232262570102,623.5355729583227,1.412346701312572,0.001322543061372361
2015-09-17,637.79,650.9,635.02,642.9,2274690,621.871,618.834,630.0066666666667,627.9888461538466,623.6622552382347,626.5147155801315,2.8524603418967445,0.010880845309600762
2015-09-18,636.79,640.0,627.02,629.25,5133386,624.171,617.9549999999999,629.559,626.8230769230775,624.0761644250878,626.935528567805,2.8593641427172543,-0.021231917872141848
2015-09-21,634.4,636.49,625.94,635.44,1788506,627.645,619.103,629.5636666666667,626.0150000000006,624.9179341046951,628.2439087881465,3.325974683451477,0.009837107667858724
2015-09-22,627.0,627.55,615.43,622.69,2562869,628.448,620.757,629.1956666666666,624.6907692307697,624.7529012078746,627.3894612822758,2.6365600744011317,-0.02006483696336392
2015-09-23,622.05,628.93,620.0,622.36,1470949,629.4119999999999,622.772,627.9150000000001,623.2096153846157,624.575648529719,626.615698008078,2.040049478358924,-0.0005299587274567585
2015-09-24,616.64,627.32,612.4,625.8,2240098,629.8569999999999,622.631,626.7896666666667,622.0430769230774,624.6663415803018,626.4902060068349,1.8238644265330777,0.005527347515907
2015-09-25,629.77,629.77,611.0,611.97,2174009,628.4769999999999,621.3489999999999,625.307,620.1611538461543,623.7258684818427,624.2563281596263,0.5304596777835968,-0.022099712368168656
2015-09-28,610.34,614.6,589.38,594.89,3127667,625.6419999999999,619.5745,623.2326666666667,618.163461538462,621.589871175297,619.7384315196781,-1.8514396556189467,-0.027909864862656786
2015-09-29,597.28,605.0,590.22,594.97,2310284,621.6249999999999,618.4104999999998,621.0360000000001,617.4900000000005,619.6180228410602,615.9279035935697,-3.690119247490543,0.00013447864311055824
2015-09-30,603.28,608.76,600.73,608.42,2413441,618.8689999999999,618.9419999999998,619.4456666666666,618.213461538462,618.788537320906,614.7728415022502,-4.015695818655786,0.022606181824293525
2015-10-01,608.37,612.09,599.85,611.29,1867601,615.7079999999999,618.7894999999999,617.7919999999999,619.3376923076928,618.2330886569039,614.2370197326728,-3.9960689242310536,0.004717136188816973
2015-10-02,607.2,627.34,603.13,626.91,2684805,615.4739999999999,619.8224999999999,617.1279999999999,619.2719230769236,618.8758243894501,616.1867090045706,-2.6891153848795284,0.025552520080485586
2015-10-06,638.84,649.25,636.53,645.44,2166264,616.4739999999998,622.0594999999998,618.2266666666666,619.5730769230775,620.8435455205957,620.6872153115622,-0.1563302090335128,0.029557671755116477
2015-10-12,642.09,648.5,639.01,646.67,1276134,618.8719999999997,623.6599999999999,620.1286666666664,620.1996153846159,622.7566202010368,624.684566802093,1.9279466010561919,0.0019056767476448577
2015-10-13,643.15,657.81,643.15,652.3,1807685,621.8659999999998,625.6389999999999,622.4699999999997,621.5092307692313,624.9450229183776,628.933094986388,3.9880720680104105,0.008706140689996422
2015-10-14,653.21,659.39,648.85,651.16,1415468,624.4019999999998,627.1294999999998,623.2213333333331,623.5619230769236,626.8868765345997,632.3526188346372,5.465742300037505,-0.0017476621186570673
2015-10-15,654.66,663.13,654.46,661.74,1885737,629.3789999999997,628.9279999999998,624.0256666666664,625.3850000000004,629.4685936457463,636.8737543985404,7.405160752794131,0.01624792677682918
2015-10-16,664.11,664.97,657.2,662.2,1611128,636.1099999999997,630.8759999999999,625.0863333333331,627.5369230769236,631.8931459705176,640.770099875689,8.876953905171376,0.0006951370628949238
2015-10-19,661.18,666.82,659.58,666.1,1477340,643.2229999999997,632.4239999999999,626.6813333333331,630.0523076923081,634.4269905958416,644.6670075871223,10.24001699128064,0.005889459377831363
2015-10-20,664.04,664.72,644.2,650.28,2498215,647.4089999999997,633.1389999999999,628.4309999999997,631.4223076923081,635.6012891275968,645.5305448814113,9.92925575381446,-0.023750187659510646
2015-10-21,654.15,655.87,641.73,642.61,1794172,650.5409999999996,633.1245,629.373333333333,632.5719230769234,636.1204535258645,645.081230284271,8.960776758406496,-0.011794919111767221
2015-10-22,646.7,657.8,644.01,651.79,4070954,653.0289999999997,634.2515,630.891333333333,633.7426923076928,637.281161976148,646.1133487020755,8.8321867259275,0.014285491978027087
2015-10-23,727.5,730.0,701.5,702.0,6653923,658.6849999999997,637.5794999999999,634.2679999999997,636.6746153846159,642.0751549649814,654.7112950556033,12.636140090621893,0.07703401402292154
2015-10-26,701.55,719.15,701.26,712.78,2716615,665.2959999999996,642.084,637.5386666666662,640.1184615384619,647.3125559382535,663.6449419701266,16.33238603187317,0.015356125356125405
2015-10-27,707.38,713.62,704.55,708.49,2245796,670.9149999999996,646.3904999999999,640.7309999999997,642.9396153846158,651.8442225029911,670.5441816670307,18.69995916403957,-0.006018687393024469
2015-10-28,707.33,712.98,703.08,712.95,2178917,677.0939999999996,650.7479999999999,643.784333333333,645.9000000000004,656.3705801295386,677.0681537182571,20.69757358871857,0.0062950782650426085
2015-10-29,710.5,718.26,710.01,716.92,1455965,682.6119999999996,655.9955,646.8226666666664,648.7469230769234,660.8557257716535,683.1992069923717,22.343481220718218,0.005568412932183131
2015-10-30,715.73,718.0,710.05,710.81,1908774,687.4729999999997,661.7915,649.7416666666663,651.8838461538465,664.5560450009608,687.4470213012378,22.890976300276975,-0.008522568766389571
2015-11-02,711.06,721.62,705.85,721.11,1886250,692.9739999999996,668.0985000000001,652.607333333333,655.1788461538466,668.7452295989578,692.6259411010475,23.88071150208964,0.014490510825677871
2015-11-03,718.86,724.65,714.72,722.16,1565379,700.1619999999996,673.7855000000001,655.4799999999997,659.0046153846159,672.7018816599422,697.1696424701173,24.46776081017515,0.001456088530182642
2015-11-04,722.0,733.1,721.9,728.11,1706700,708.7119999999996,679.6265000000001,658.320333333333,663.0719230769236,676.8061890289032,701.9296974747148,25.12350844581158,0.008239171374764709
2015-11-05,729.47,739.48,729.47,731.25,1861550,716.6579999999997,684.8435000000002,661.720333333333,667.1276923076929,680.8390660143442,706.4405132478356,25.6014472334914,0.0043125351938579914
2015-11-06,731.5,735.41,727.01,733.76,1511599,719.8339999999996,689.2595000000001,664.9976666666663,671.8119230769236,684.759137087346,710.6435112097071,25.884374122361123,0.0034324786324786416
2015-11-09,730.2,734.71,719.43,724.89,2069807,721.0449999999997,693.1705000000001,668.404333333333,676.8119230769236,687.7317949256626,712.835278715906,25.103483790243445,-0.012088421282163142
2015-11-10,724.4,730.59,718.5,728.32,1607994,723.0279999999997,696.9715000000001,671.936333333333,681.9407692307697,690.7383298768939,715.2175435288436,24.47921365194975,0.004731752403813072
2015-11-11,732.46,741.0,730.23,735.4,1366995,725.2729999999997,701.1835000000001,675.5896666666664,686.8246153846159,694.0466030033011,718.3225368320985,24.275933828797406,0.00972100175746915
2015-11-12,731.0,737.8,728.64,731.23,1837154,726.7039999999997,704.6580000000001,679.5649999999997,691.4376923076927,696.8009296822679,720.308300396391,23.507370714123113,-0.0056703834647809925
2015-11-13,729.17,731.15,716.73,717.0,2075504,727.3229999999998,707.398,683.635333333333,694.9026923076927,698.2971576038807,719.7993311046386,21.502173500757863,-0.019460361309027285
2015-11-16,715.6,729.49,711.33,728.96,1905893,728.1079999999998,710.541,688.1016666666662,698.1150000000005,700.5684799525307,721.208664780848,20.640184828317388,0.016680613668061506
2015-11-17,729.29,731.84,723.03,725.3,1510903,728.4219999999998,714.292,691.9976666666663,701.1392307692313,702.4004449155551,721.8381009684099,19.437656052854777,-0.005020851624231937
2015-11-18,727.58,741.41,727.0,740.0,1684259,729.6109999999999,719.1614999999999,696.2879999999997,704.5123076923082,705.1855978690846,724.6322392809622,19.446641411877522,0.020267475527367962
2015-11-19,738.74,742.0,737.43,738.41,1327879,730.3269999999999,723.4925,700.0046666666663,707.8680769230775,707.6466652868224,726.7518947761988,19.10522948937637,-0.002148648648648721
2015-11-20,746.53,757.92,743.0,756.6,2213284,732.6109999999999,726.2225,703.7099999999996,711.5165384615389,711.2728390378611,731.343910964476,20.071071926614877,0.024634010915345117
2015-11-23,757.45,762.71,751.82,755.98,1415385,735.7199999999998,728.3824999999999,707.3536666666663,715.1234615384619,714.5844812749843,735.1340785084028,20.549597233418467,-0.0008194554586307135
2015-11-24,752.0,755.28,737.63,748.28,2334197,737.7159999999998,730.372,710.5529999999997,718.2842307692312,717.0804461025848,737.1565279686486,20.07608186606376,-0.01018545464165721
2015-11-25,748.14,752.0,746.06,748.15,1122224,738.9909999999998,732.1319999999998,713.7859999999997,722.048461538462,719.3818949471886,738.8478313580872,19.46593641089862,-0.00017373175816537412
2015-11-27,748.46,753.41,747.49,750.26,838528,740.8939999999999,733.7989999999999,716.7366666666662,726.1888461538466,721.6691623633651,740.6035496106892,18.93438724732414,0.002820290048787033
2015-11-30,748.81,754.93,741.27,742.6,2097624,743.454,735.3884999999999,719.4166666666662,729.6815384615388,723.2195950164023,740.9106958244294,17.691100808027045,-0.010209793938101397
2015-12-01,747.11,768.95,746.7,767.04,2134621,747.2619999999998,737.6849999999998,722.7813333333329,732.1830769230772,726.465551397647,744.9305887745171,18.4650373768701,0.032911392405063244
2015-12-02,768.9,775.96,758.96,762.38,2230373,750.9699999999998,739.6959999999998,726.5179999999997,734.0907692307696,729.1258812701983,747.6151135784376,18.489232308239252,-0.0060753024614100815
2015-12-03,766.01,769.0,745.63,752.54,2590641,752.2239999999998,740.9174999999998,730.182333333333,735.7850000000004,730.8602606445037,748.3727884125242,17.512527768020504,-0.012906949290380165
2015-12-04,753.1,768.49,750.0,766.81,2757283,755.0639999999997,742.6954999999997,734.016333333333,737.8565384615389,733.5232045977841,751.2092825029052,17.686077905121124,0.0189624471788874
2015-12-07,767.77,768.73,755.09,763.25,1812314,755.7289999999997,744.1699999999997,736.0579999999997,739.638461538462,735.7251896700332,753.0617005793814,17.33651090934825,-0.004642610294597005
2015-12-08,757.89,764.8,754.2,762.37,1829475,756.3679999999998,746.0439999999998,737.7109999999997,741.6215384615389,737.6988795130302,754.4937466440919,16.794867131061665,-0.0011529642974124066
2015-12-09,759.17,764.23,737.0,751.61,2699990,756.7009999999999,747.2084999999998,739.148333333333,742.7946153846158,738.7293329737658,754.0500933142315,15.320760340465654,-0.01411388171098027
2015-12-10,752.85,755.85,743.83,749.46,1988380,756.832,747.9114999999999,740.365333333333,743.8446153846157,739.5241972631627,753.343925112042,13.819727848879324,-0.00286052607070153
2015-12-11,741.16,745.71,736.75,738.87,2224410,755.693,748.2935,741.0969999999996,744.2584615384619,739.47573820295,751.1171674024971,11.641429199547133,-0.014130173725082074
2015-12-14,741.79,748.73,724.17,747.77,2412497,756.21,749.832,742.3289999999996,744.8938461538465,740.090128008922,750.6022185713438,10.512090562421804,0.01204542071000314
2015-12-15,753.0,758.08,743.01,743.4,2666229,753.846,750.5539999999999,743.0719999999997,745.2646153846158,740.3353037279372,749.4941849449831,9.15888121704586,-0.005844042954384343
2015-12-16,750.0,760.59,739.44,758.09,1993251,753.4169999999999,752.1935,744.2696666666664,746.541538461539,741.6504664940886,750.8166180303704,9.166151536281745,0.01976055959106815
2015-12-17,762.42,762.68,749.0,749.43,1553418,753.1059999999999,752.665,744.980333333333,747.353461538462,742.2267282674532,750.6032921795442,8.376563912091001,-0.011423445765014861
2015-12-18,746.51,754.13,738.15,739.31,3148743,750.356,752.7099999999999,745.2489999999997,747.5038461538467,742.0106743105424,748.8658626134605,6.855188302918123,-0.01350359606634377
2015-12-21,746.13,750.0,740.0,747.77,1525703,748.808,752.2684999999999,745.7159999999998,748.1400000000006,742.4372910487085,748.6972683652359,6.259977316527397,0.011443102352193257
2015-12-22,751.65,754.85,745.53,750.0,1365520,747.571,751.9694999999999,746.5529999999998,749.4092307692313,742.9974917366052,748.8976886167382,5.900196880132967,0.0029822004092168175
2015-12-23,753.47,754.21,744.0,750.31,1566726,747.441,752.0709999999999,747.2859999999998,750.2303846153852,743.5391590376125,749.1149672910861,5.57580825347361,0.0004133333333331546
2015-12-24,749.55,751.35,746.62,748.4,527223,747.3350000000002,752.0835,747.7193333333331,751.1188461538469,743.8992213448096,749.0049723232266,5.105750978417063,-0.0025456144793485347
2015-12-28,752.92,762.99,749.52,762.51,1515716,749.6990000000001,752.6959999999999,748.7619999999998,751.9846153846161,745.2777975900117,751.0826688888841,5.804871298872399,0.018853554249064652
2015-12-29,766.69,779.98,766.43,776.6,1765012,752.582,754.396,750.7486666666664,753.4534615384621,747.5979608071054,755.0084121367481,7.410451329642683,0.01847844618431238
2015-12-30,776.6,777.6,766.9,771.0,1293521,755.342,754.5939999999998,752.1499999999997,754.0073076923084,749.3314452440732,757.4686564234022,8.137211179329029,-0.0072109193922225145
2015-12-31,769.5,769.5,758.34,758.88,1500923,755.4209999999999,754.4189999999999,753.2693333333332,754.1188461538469,750.0387456161262,757.6857862044172,7.64704058829102,-0.015719844357976687
2016-01-04,743.0,744.06,731.26,741.84,3258199,754.6619999999999,753.8839999999998,753.3306666666665,753.8711538461546,749.4314311103312,755.2479729421992,5.816541831867994,-0.022454142947501587
2016-01-05,746.45,752.0,738.64,742.58,1950691,754.9889999999999,752.6724999999999,753.4696666666665,753.6569230769238,748.923917682594,753.2990540280147,4.3751363454206285,0.000997519680793646
2016-01-06,730.0,747.18,728.92,743.62,1947034,754.574,751.6909999999999,753.0369999999999,753.4015384615393,748.5310348825767,751.8099687929354,3.27893391035866,0.0014005225026259005
2016-01-07,730.31,738.5,719.06,726.39,2963741,752.213,749.8919999999998,752.0506666666665,752.7780769230777,746.8909581909259,747.899204363253,1.0082461723271763,-0.023170436513272885
2016-01-08,731.45,733.23,713.0,714.47,2450857,748.6289999999999,748.0349999999997,750.9236666666667,750.7561538461547,744.4894056866715,742.7562498458295,-1.7331558408419596,-0.016409917537410945
2016-01-11,716.61,718.86,703.54,716.03,2090621,745.392,746.3634999999998,749.8529999999998,748.9734615384623,742.3813015246152,738.6445191003173,-3.7367824242978713,0.0021834366733382016
2016-01-12,721.68,728.75,717.32,726.07,2024509,741.7479999999999,745.7234999999998,749.0466666666666,747.9553846153854,741.1730569475384,736.7099777002686,-4.463079247269775,0.01402175886485213
2016-01-13,730.85,734.74,698.61,700.56,2468295,734.1439999999999,743.3629999999997,747.6453333333334,745.4073076923084,738.1646823134195,731.1484426694581,-7.0162396439613985,-0.03513435343699656
2016-01-14,705.38,721.92,689.1,714.72,2211853,728.5159999999998,741.9289999999997,745.9013333333334,743.54076923077,736.4280391548187,728.6209899510799,-7.80704920373887,0.020212401507365696
2016-01-15,692.29,706.74,685.37,694.45,3592449,722.0729999999999,738.7469999999997,743.6370000000001,740.9284615384623,733.3185547327382,723.3639145739907,-9.954640158747566,-0.028360756659950748
2016-01-19,703.3,709.98,693.41,701.79,2258479,718.0679999999999,736.3649999999998,741.9453333333333,739.0123076923085,730.983106206031,720.0448507933767,-10.938255412654371,0.010569515443876298
2016-01-20,688.61,706.85,673.26,698.45,3439386,713.6549999999999,734.3219999999999,739.6666666666666,737.0503846153855,728.5732464603273,716.7225660559342,-11.850680404393074,-0.004759258467632699
2016-01-21,702.18,719.19,694.46,706.59,2410263,709.9519999999999,732.2629999999998,737.778,735.8088461538471,726.944857816907,715.1637097396366,-11.781148077270359,0.011654377550289974
2016-01-22,723.6,728.13,720.12,725.25,2006528,709.8379999999999,731.0254999999999,736.5406666666667,734.9426923076933,726.8193127922382,716.7154467027694,-10.103866089468738,0.026408525453233134
2016-01-25,723.58,729.68,710.01,711.67,1704641,709.5579999999998,729.0934999999998,735.2093333333333,733.7223076923085,725.6971414644106,715.9392241331126,-9.757917331298017,-0.018724577731816683
2016-01-26,713.85,718.28,706.48,713.04,1324300,709.2589999999998,727.3254999999998,733.9953333333334,731.9896153846162,724.7595754223634,715.4931896510952,-9.26638577126812,0.0019250495313838378
2016-01-27,713.67,718.24,694.39,699.99,2139970,706.6509999999998,724.1994999999998,732.6993333333335,730.0880769230778,722.9247920438886,713.1080835509267,-9.81670849296188,-0.018301918545944096
2016-01-28,722.22,733.69,712.35,730.96,2658016,709.6909999999998,721.9174999999998,732.139,729.7669230769238,723.5199926373919,715.8545322353996,-7.665460401992277,0.04424348919270282
2016-01-29,731.53,744.99,726.8,742.95,3394935,712.5139999999998,720.5149999999999,732.124,729.5815384615393,724.9592524513475,720.0230657376458,-4.9361867137017725,0.01640308635219445
2016-02-01,750.46,757.86,743.27,752.0,4801816,718.2689999999998,720.1709999999999,731.921,729.6584615384623,726.9622708002919,724.9425940857003,-2.019676714591583,0.012181169661484637
2016-02-02,784.5,789.87,764.65,764.65,6332431,724.5549999999997,721.3114999999999,732.4283333333334,730.2100000000008,729.7539544602099,731.0514257648233,1.2974713046133957,0.016821808510638192
2016-02-03,770.22,774.5,720.5,726.95,6171019,727.4049999999997,720.53,732.0163333333334,729.3850000000008,729.5462541287566,730.4204371856198,0.8741830568632167,-0.049303602955600545
