Settimana,google
2010-01-03 - 2010-01-09,44
2010-01-10 - 2010-01-16,47
2010-01-17 - 2010-01-23,50
2010-01-24 - 2010-01-30,40
2010-01-31 - 2010-02-06,36
2010-02-07 - 2010-02-13,32
2010-02-14 - 2010-02-20,32
2010-02-21 - 2010-02-27,31
2010-02-28 - 2010-03-06,28
2010-03-07 - 2010-03-13,31
2010-03-14 - 2010-03-20,28
2010-03-21 - 2010-03-27,36
2010-03-28 - 2010-04-03,26
2010-04-04 - 2010-04-10,35
2010-04-11 - 2010-04-17,38
2010-04-18 - 2010-04-24,39
2010-04-25 - 2010-05-01,33
2010-05-02 - 2010-05-08,52
2010-05-09 - 2010-05-15,43
2010-05-16 - 2010-05-22,37
2010-05-23 - 2010-05-29,36
2010-05-30 - 2010-06-05,34
2010-06-06 - 2010-06-12,33
2010-06-13 - 2010-06-19,27
2010-06-20 - 2010-06-26,28
2010-06-27 - 2010-07-03,44
2010-07-04 - 2010-07-10,37
2010-07-11 - 2010-07-17,43
2010-07-18 - 2010-07-24,37
2010-07-25 - 2010-07-31,29
2010-08-01 - 2010-08-07,37
2010-08-08 - 2010-08-14,37
2010-08-15 - 2010-08-21,31
2010-08-22 - 2010-08-28,37
2010-08-29 - 2010-09-04,25
2010-09-05 - 2010-09-11,47
2010-09-12 - 2010-09-18,37
2010-09-19 - 2010-09-25,39
2010-09-26 - 2010-10-02,31
2010-10-03 - 2010-10-09,41
2010-10-10 - 2010-10-16,65
2010-10-17 - 2010-10-23,60
2010-10-24 - 2010-10-30,38
2010-10-31 - 2010-11-06,43
2010-11-07 - 2010-11-13,47
2010-11-14 - 2010-11-20,41
2010-11-21 - 2010-11-27,39
2010-11-28 - 2010-12-04,38
2010-12-05 - 2010-12-11,47
2010-12-12 - 2010-12-18,45
2010-12-19 - 2010-12-25,34
2010-12-26 - 2011-01-01,40
2011-01-02 - 2011-01-08,42
2011-01-09 - 2011-01-15,38
2011-01-16 - 2011-01-22,47
2011-01-23 - 2011-01-29,36
2011-01-30 - 2011-02-05,39
2011-02-06 - 2011-02-12,39
2011-02-13 - 2011-02-19,42
2011-02-20 - 2011-02-26,38
2011-02-27 - 2011-03-05,40
2011-03-06 - 2011-03-12,36
2011-03-13 - 2011-03-19,36
2011-03-20 - 2011-03-26,37
2011-03-27 - 2011-04-02,36
2011-04-03 - 2011-04-09,35
2011-04-10 - 2011-04-16,47
2011-04-17 - 2011-04-23,42
2011-04-24 - 2011-04-30,32
2011-05-01 - 2011-05-07,25
2011-05-08 - 2011-05-14,50
2011-05-15 - 2011-05-21,44
2011-05-22 - 2011-05-28,38
2011-05-29 - 2011-06-04,39
2011-06-05 - 2011-06-11,31
2011-06-12 - 2011-06-18,34
2011-06-19 - 2011-06-25,38
2011-06-26 - 2011-07-02,50
2011-07-03 - 2011-07-09,73
2011-07-10 - 2011-07-16,74
2011-07-17 - 2011-07-23,59
2011-07-24 - 2011-07-30,53
2011-07-31 - 2011-08-06,74
2011-08-07 - 2011-08-13,100
2011-08-14 - 2011-08-20,81
2011-08-21 - 2011-08-27,46
2011-08-28 - 2011-09-03,42
2011-09-04 - 2011-09-10,44
2011-09-11 - 2011-09-17,46
2011-09-18 - 2011-09-24,56
2011-09-25 - 2011-10-01,52
2011-10-02 - 2011-10-08,55
2011-10-09 - 2011-10-15,45
2011-10-16 - 2011-10-22,40
2011-10-23 - 2011-10-29,48
2011-10-30 - 2011-11-05,46
2011-11-06 - 2011-11-12,40
2011-11-13 - 2011-11-19,36
2011-11-20 - 2011-11-26,36
2011-11-27 - 2011-12-03,39
2011-12-04 - 2011-12-10,34
2011-12-11 - 2011-12-17,37
2011-12-18 - 2011-12-24,35
2011-12-25 - 2011-12-31,28
2012-01-01 - 2012-01-07,32
2012-01-08 - 2012-01-14,39
2012-01-15 - 2012-01-21,42
2012-01-22 - 2012-01-28,41
2012-01-29 - 2012-02-04,42
2012-02-05 - 2012-02-11,36
2012-02-12 - 2012-02-18,41
2012-02-19 - 2012-02-25,45
2012-02-26 - 2012-03-03,47
2012-03-04 - 2012-03-10,41
2012-03-11 - 2012-03-17,35
2012-03-18 - 2012-03-24,38
2012-03-25 - 2012-03-31,41
2012-04-01 - 2012-04-07,32
2012-04-08 - 2012-04-14,53
2012-04-15 - 2012-04-21,45
2012-04-22 - 2012-04-28,43
2012-04-29 - 2012-05-05,37
2012-05-06 - 2012-05-12,45
2012-05-13 - 2012-05-19,58
2012-05-20 - 2012-05-26,45
2012-05-27 - 2012-06-02,36
2012-06-03 - 2012-06-09,42
2012-06-10 - 2012-06-16,41
2012-06-17 - 2012-06-23,40
2012-06-24 - 2012-06-30,38
2012-07-01 - 2012-07-07,44
2012-07-08 - 2012-07-14,38
2012-07-15 - 2012-07-21,41
2012-07-22 - 2012-07-28,52
2012-07-29 - 2012-08-04,38
2012-08-05 - 2012-08-11,44
2012-08-12 - 2012-08-18,46
2012-08-19 - 2012-08-25,36
2012-08-26 - 2012-09-01,42
2012-09-02 - 2012-09-08,42
2012-09-09 - 2012-09-15,42
2012-09-16 - 2012-09-22,40
2012-09-23 - 2012-09-29,49
2012-09-30 - 2012-10-06,40
2012-10-07 - 2012-10-13,38
2012-10-14 - 2012-10-20,97
2012-10-21 - 2012-10-27,44
2012-10-28 - 2012-11-03,40
2012-11-04 - 2012-11-10,41
2012-11-11 - 2012-11-17,36
2012-11-18 - 2012-11-24,36
2012-11-25 - 2012-12-01,47
2012-12-02 - 2012-12-08,44
2012-12-09 - 2012-12-15,57
2012-12-16 - 2012-12-22,40
2012-12-23 - 2012-12-29,39
2012-12-30 - 2013-01-05,51
2013-01-06 - 2013-01-12,41
2013-01-13 - 2013-01-19,39
2013-01-20 - 2013-01-26,47
2013-01-27 - 2013-02-02,39
2013-02-03 - 2013-02-09,38
2013-02-10 - 2013-02-16,37
2013-02-17 - 2013-02-23,42
2013-02-24 - 2013-03-02,35
2013-03-03 - 2013-03-09,52
2013-03-10 - 2013-03-16,44
2013-03-17 - 2013-03-23,43
2013-03-24 - 2013-03-30,40
2013-03-31 - 2013-04-06,47
2013-04-07 - 2013-04-13,50
2013-04-14 - 2013-04-20,61
2013-04-21 - 2013-04-27,59
2013-04-28 - 2013-05-04,52
2013-05-05 - 2013-05-11,45
2013-05-12 - 2013-05-18,90
2013-05-19 - 2013-05-25,63
2013-05-26 - 2013-06-01,44
2013-06-02 - 2013-06-08,37
2013-06-09 - 2013-06-15,49
2013-06-16 - 2013-06-22,44
2013-06-23 - 2013-06-29,37
2013-06-30 - 2013-07-06,38
2013-07-07 - 2013-07-13,37
2013-07-14 - 2013-07-20,46
2013-07-21 - 2013-07-27,39
2013-07-28 - 2013-08-03,38
2013-08-04 - 2013-08-10,35
2013-08-11 - 2013-08-17,39
2013-08-18 - 2013-08-24,46
2013-08-25 - 2013-08-31,37
2013-09-01 - 2013-09-07,37
2013-09-08 - 2013-09-14,32
2013-09-15 - 2013-09-21,36
2013-09-22 - 2013-09-28,42
2013-09-29 - 2013-10-05,52
2013-10-06 - 2013-10-12,53
2013-10-13 - 2013-10-19,68
2013-10-20 - 2013-10-26,63
2013-10-27 - 2013-11-02,56
2013-11-03 - 2013-11-09,61
2013-11-10 - 2013-11-16,51
2013-11-17 - 2013-11-23,57
2013-11-24 - 2013-11-30,48
2013-12-01 - 2013-12-07,48
2013-12-08 - 2013-12-14,49
2013-12-15 - 2013-12-21,55
2013-12-22 - 2013-12-28,47
2013-12-29 - 2014-01-04,39
2014-01-05 - 2014-01-11,46
2014-01-12 - 2014-01-18,61
2014-01-19 - 2014-01-25,47
2014-01-26 - 2014-02-01,65
2014-02-02 - 2014-02-08,61
2014-02-09 - 2014-02-15,50
2014-02-16 - 2014-02-22,46
2014-02-23 - 2014-03-01,45
2014-03-02 - 2014-03-08,43
2014-03-09 - 2014-03-15,43
2014-03-16 - 2014-03-22,42
2014-03-23 - 2014-03-29,45
2014-03-30 - 2014-04-05,56
2014-04-06 - 2014-04-12,45
2014-04-13 - 2014-04-19,47
2014-04-20 - 2014-04-26,42
2014-04-27 - 2014-05-03,40
2014-05-04 - 2014-05-10,38
2014-05-11 - 2014-05-17,42
2014-05-18 - 2014-05-24,41
2014-05-25 - 2014-05-31,40
2014-06-01 - 2014-06-07,36
2014-06-08 - 2014-06-14,38
2014-06-15 - 2014-06-21,33
2014-06-22 - 2014-06-28,36
2014-06-29 - 2014-07-05,36
2014-07-06 - 2014-07-12,38
2014-07-13 - 2014-07-19,36
2014-07-20 - 2014-07-26,38
2014-07-27 - 2014-08-02,38
2014-08-03 - 2014-08-09,38
2014-08-10 - 2014-08-16,32
2014-08-17 - 2014-08-23,38
2014-08-24 - 2014-08-30,30
2014-08-31 - 2014-09-06,31
2014-09-07 - 2014-09-13,37
2014-09-14 - 2014-09-20,37
2014-09-21 - 2014-09-27,39
2014-09-28 - 2014-10-04,41
2014-10-05 - 2014-10-11,40
2014-10-12 - 2014-10-18,47
2014-10-19 - 2014-10-25,39
2014-10-26 - 2014-11-01,40
2014-11-02 - 2014-11-08,41
2014-11-09 - 2014-11-15,37
2014-11-16 - 2014-11-22,35
2014-11-23 - 2014-11-29,35
2014-11-30 - 2014-12-06,39
2014-12-07 - 2014-12-13,44
2014-12-14 - 2014-12-20,74
2014-12-21 - 2014-12-27,37
2014-12-28 - 2015-01-03,36
2015-01-04 - 2015-01-10,40
2015-01-11 - 2015-01-17,50
2015-01-18 - 2015-01-24,41
2015-01-25 - 2015-01-31,45
2015-02-01 - 2015-02-07,40
2015-02-08 - 2015-02-14,39
2015-02-15 - 2015-02-21,36
2015-02-22 - 2015-02-28,38
2015-03-01 - 2015-03-07,40
2015-03-08 - 2015-03-14,42
2015-03-15 - 2015-03-21,35
2015-03-22 - 2015-03-28,32
2015-03-29 - 2015-04-04,36
2015-04-05 - 2015-04-11,34
2015-04-12 - 2015-04-18,38
2015-04-19 - 2015-04-25,38
2015-04-26 - 2015-05-02,34
2015-05-03 - 2015-05-09,34
2015-05-10 - 2015-05-16,36
2015-05-17 - 2015-05-23,33
2015-05-24 - 2015-05-30,32
2015-05-31 - 2015-06-06,32
2015-06-07 - 2015-06-13,28
2015-06-14 - 2015-06-20,32
2015-06-21 - 2015-06-27,32
2015-06-28 - 2015-07-04,32
2015-07-05 - 2015-07-11,40
2015-07-12 - 2015-07-18,48
2015-07-19 - 2015-07-25,45
2015-07-26 - 2015-08-01,35
2015-08-02 - 2015-08-08,31
2015-08-09 - 2015-08-15,51
2015-08-16 - 2015-08-22,39
2015-08-23 - 2015-08-29,57
2015-08-30 - 2015-09-05,54
2015-09-06 - 2015-09-12,37
2015-09-13 - 2015-09-19,34
2015-09-20 - 2015-09-26,32
2015-09-27 - 2015-10-03,42
2015-10-04 - 2015-10-10,35
2015-10-11 - 2015-10-17,29
2015-10-18 - 2015-10-24,39
2015-10-25 - 2015-10-31,33
2015-11-01 - 2015-11-07,36
2015-11-08 - 2015-11-14,32
2015-11-15 - 2015-11-21,29
2015-11-22 - 2015-11-28,29
2015-11-29 - 2015-12-05,33
2015-12-06 - 2015-12-12,38
2015-12-13 - 2015-12-19,36
2015-12-20 - 2015-12-26,32
2015-12-27 - 2016-01-02,29
2016-01-03 - 2016-01-09,37
2016-01-10 - 2016-01-16,36
2016-01-17 - 2016-01-23,42
2016-01-24 - 2016-01-30,47
2016-01-31 - 2016-02-06,52