Date,AAPL,MSFT,AMZN,TWTR
2014-02-28,-0.0026532236667549114,0.01188589540412055,0.005470246855302285,-0.015420476958938667
2014-03-03,0.0027932960893854997,-0.01383450796136787,-0.006407069870201787,-0.021853942815516225
2014-03-04,0.006632179334129296,0.01667548967707777,0.011451442548223945,0.01061254887358043
2014-03-05,0.0021083146659639507,-0.007810466024472773,0.023275625171750525,0.0018422991893882745
2014-03-06,-0.003024326101249253,0.0010495932826029009,-0.0005639552058436248,0.008275101140124974
2014-03-07,-0.0005275652862040126,-0.006553079947575369,-0.0002687016337059589,-0.023709648002918082
2014-03-10,0.0009237265769330705,-0.0021108179419524475,-0.004112239961296615,0.006538389688025337
2014-03-11,0.009624258404746344,0.005288207297726055,-0.004615010930289043,0.0025983667409057443
2014-03-12,0.0010446591799424532,0.006575486586007262,0.00493465647199165,0.008885597926693745
2014-03-13,-0.011087920688755415,-0.009929448654298456,0.002347291172026811,-0.01706422018348619
2014-03-14,-0.011212241129138767,-0.005014515703351763,0.0060025302145299,-0.030800821355236097
2014-03-17,0.003868729989327635,0.009283819628647105,0.003478353935891354,0.00250385208012327
2014-03-18,0.008770764119601315,0.03942181340341655,0.00994560580204773,-0.01767531219980778
2014-03-19,-0.00026346989856407266,-0.007079646017698948,-0.014626290360904903,0.0021513788382554466
2014-03-20,-0.0047437079984187225,0.02699261522790919,-0.011413873482838954,-0.021857923497267895
2014-03-21,0.0078114656427910045,-0.004215224398710693,-0.02263056617069148,0.015961691939345712
2014-03-24,0.011954808197582656,0.008466135458167434,-0.024319227996228654,-0.04222309505106048
2014-03-25,0.010775022718421345,-0.003950617283950519,0.008128463834019994,-0.018248923518556448
2014-03-26,-0.009632674030310762,-0.013634110064452254,-0.031857009951791526,-0.0720551378446116
2014-03-27,-0.004279600570613384,-0.01080673536064336,-0.014385137299438022,0.042538825118163315
2014-03-28,-0.0011721802552748795,0.02388211382113825,-0.000531804886696019,0.021157167530224452
2014-03-31,-0.00013039509714418696,0.017121588089330064,-0.005705164208223756,-0.013319238900634134
2014-04-01,0.009128847157016118,0.010490363503293576,0.0197110239029612,0.006642382686950832
2014-04-02,0.0016800206771776516,-0.0016900048285852787,-0.0030030030030030463,-0.02660706683695191
2014-04-03,-0.006966842988001654,-0.008222490931076298,-0.02438881740554444,-0.036737371528537066
2014-04-04,-0.012992074834351053,-0.027798098024871987,-0.03183262394340869,-0.020658342792281403
2014-04-07,-0.015664077925496844,-0.0017557060446451445,-0.01622291021671829,-0.01599443671766332
2014-04-08,0.0,0.0005025125628141947,0.029298841893252714,-0.015783274440518302
2014-04-09,0.01310510831773204,0.01632345554997494,0.014461736019812266,0.016993776926759185
2014-04-10,-0.012935586061246118,-0.02742772424017792,-0.04427365883062084,-0.027065191809837574
2014-04-11,-0.007354907729339333,-0.003810975609756073,-0.016965721673867118,-0.03120464441219173
2014-04-14,0.004041492657955059,-0.0007651109410864443,0.013409039874250128,0.020474406991261018
2014-04-15,-0.007245404535086597,0.014548238897396537,0.0005381279478331447,0.11377538536824083
2014-04-16,0.002027300986619851,0.01635220125786163,0.024044545684636764,-0.024165202108963113
2014-04-17,0.01146479633126507,-0.009653465346534662,0.0038000494315373334,0.013282305267897199
2014-04-21,0.011868249099880046,-0.0017495626093476657,0.0183435412883568,0.024883359253499382
2014-04-22,0.0010542962572481773,0.0012518778167251998,-0.004684619336899676,-0.002384565358768631
2014-04-23,-0.013164823591363839,-0.0075018754688672695,-0.01439329527511235,-0.0015210777922642915
2014-04-24,0.08204375667022412,0.004283194759385323,0.038726970238462055,-0.024591947769314504
2014-04-25,0.00739736160769322,0.0012543903662818323,-0.09882841465223191,-0.07161981258366801
2014-04-28,0.03867335699424812,0.024054121773991577,-0.023862028107823452,-0.02114876231675089
2014-04-29,-0.002945681630729391,-0.00880841693173473,0.012812731809292544,0.04640314264669776
2014-04-30,-0.003781611912077598,-0.0027153789187854827,0.012484186696850585,-0.08564054434537771
2014-05-01,0.0023724792408066353,-0.00990099009900991,0.012363134186038849,0.003079291762894565
2014-05-02,0.0017751479289942473,-0.007750000000000035,0.0003897495858911082,-0.001790739319519119
2014-05-05,0.014176018901358445,-0.006550768455530265,0.006623161585662896,-0.006919528446950318
2014-05-06,-0.010832847990681294,-0.009383717981232498,-0.04086437671343335,-0.17806451612903218
2014-05-07,-0.003532736693358407,0.009216589861751112,-0.01570381330284487,-0.03736263736263745
2014-05-08,-0.007326873079650298,0.005580923389142622,-0.014997779372074693,0.0424005218525767
2014-05-09,-0.004166666666666652,-0.0025227043390515513,0.01359600443951181,0.0028160200250311185
2014-05-12,0.012432755528989814,0.010875063227111736,0.03633999452504799,0.05897035881435264
2014-05-13,0.0015350100366040564,0.011258443832874665,0.005877303044310889,-0.016205067766646986
2014-05-14,0.0002357934449424004,-0.004453240969816918,-0.023043592436974736,-0.016172506738544423
2014-05-15,-0.008486562942008447,-0.015904572564612307,-0.00816477387272363,-0.002435312024353098
2014-05-16,0.014740846409890596,0.005808080808080707,0.008502998069040313,-0.015563014952700849
2014-05-19,0.011832239925023469,-0.0020085362791865125,-0.003157541148807508,-0.0058896466212026155
2014-05-20,0.00023156188491380014,-0.001761006289308198,0.014927887855506139,-0.009354536950420989
2014-05-21,0.00266234517884012,0.016885080645161255,0.012683024004781052,-0.0006295247088448086
2014-05-22,0.0015008081274532348,-0.006195786864931829,-0.0003278581030129457,-0.007244094488188968
2014-05-23,0.011296829971181532,0.0004987531172069293,0.02403988062051088,-0.032360406091370586
2014-05-27,0.01880770545993382,0.0017447657028912822,-0.004547783756085111,0.0003278688524590567
2014-05-28,-0.0026851644663234975,-0.004478726051256543,-0.0021234154816290873,0.10685021304490339
2014-05-29,0.018285842494951687,0.008247938015496281,0.011671395408821006,0.006810778797749384
2014-05-30,-0.0037457309683814888,0.014873574615765772,-0.0039199439097455935,-0.045882352941176485
2014-06-02,-0.00685613181466338,-0.003663898387884723,-0.011870100783874737,-0.021270036991368646
2014-06-03,0.014140964257877586,-0.012257906349595449,-0.005342572205672802,0.026141732283464503
2014-06-04,0.011418533157663724,0.0007446016381236209,-0.001334678863244343,0.009821976672805377
2014-06-05,0.0039079461571862595,0.022073412698412787,0.054729773779255586,0.03009118541033451
2014-06-06,-0.0028114186851211365,0.006551807813637289,0.01885218036282721,-0.01652404839185606
2014-06-09,0.016048579483842973,-0.005062680810028808,-0.006582339915673252,0.034203420342034274
2014-06-10,0.005869797225186657,-0.0038769081657379356,0.014992366412213798,0.02610966057441244
2014-06-11,-0.004137931034482789,-0.006081245439065963,0.00839324930056251,0.004806333050607847
2014-06-12,-0.01672704027274652,-0.006852667645619204,-0.027714797136038083,0.03517163759144615
2014-06-13,-0.010943764221475805,0.016017742730409124,0.0011045994292901984,0.00298994291927146
2014-06-16,0.010078878177037787,0.006548629638612802,0.004137677383762028,0.030352303523035307
2014-06-17,-0.0013015184381779399,0.004337349397590451,-0.006104633416763372,0.0
2014-06-18,0.0010860121633362585,-0.0007197696737044623,0.026902524414962103,0.01893740136770128
2014-06-19,-0.003471468865263727,-0.003361344537815114,-0.02207069800825412,0.004130098089829559
2014-06-20,-0.0103418245155672,0.004095398699108799,-0.008562691131498545,0.008740359897172256
2014-06-23,-0.0008799912000879706,0.007437619961612407,0.009376927822331904,0.007135575942915473
2014-06-24,-0.0060552680832324235,-0.005953798523458009,-0.009412052316342678,-0.026315789473684403
2014-06-25,0.0008861320336730483,0.0069477719214183775,0.010118460019743258,0.025467775467775677
2014-06-26,0.005976095617529875,-0.007375684035213048,-0.005344490593696571,0.05017739483020778
2014-06-27,0.011881188118811892,0.012703739213806298,-0.003438852896926581,-0.012306949806949796
2014-06-30,0.010328332246140493,-0.013017751479289852,0.00064700989000821,0.000977278279990168
2014-07-01,0.006348864736898552,0.004076738609112507,0.023431245766365016,0.02636075176958741
2014-07-02,-0.00042771599657820403,0.0007165034631000378,0.0013839164836488838,-0.006658739595719276
2014-07-03,0.005883611467693672,-0.0023866348448687846,0.01394021330929851,-0.010533875987550956
2014-07-07,0.020631713282994735,0.00454545454545463,-0.011674419982814266,-0.02661504960077432
2014-07-08,-0.0064603521933938035,-0.005001190759704732,-0.02920101933743069,-0.07009694258016408
2014-07-09,0.0004195070791819244,-0.002632838678793714,0.01902350143602738,0.017375033413525864
2014-07-10,-0.0036691477094034086,0.0002399808015358662,-0.006212686001757728,-0.00578034682080919
2014-07-11,0.0018939393939392257,0.0098368522072938,0.05574530373261766,0.01294926004228314
2014-07-14,0.012917454316320187,0.001187930624851452,0.026343154246100564,-0.0005217845030001111
2014-07-15,-0.01171591498185598,0.007356430944470915,-0.0024766407745131502,-0.011224223440355008
2014-07-16,-0.005665127989928576,0.038398115429917334,0.004119173908136764,-0.011879619852164791
2014-07-17,-0.017830765984384822,0.01020871143375679,-0.009693734194998527,-0.014961261020571825
2014-07-18,0.014394671822967053,0.003593083314619383,0.017619520499361663,0.004882017900732283
2014-07-21,-0.005189028910304039,0.0033564555829046494,0.003066971505046423,0.026990553306342813
2014-07-22,0.008303172237598577,-0.00022301516503131502,0.0030020013342226815,-0.010512483574244391
2014-07-23,0.026076858108108114,0.0008922596475573474,-0.007482540738277366,0.0026560424966799445
2014-07-24,-0.0016462599032821545,-0.010474704702473803,0.001312335958005395,0.025430463576158857
2014-07-25,0.006595898175821846,0.0022522522522523403,-0.09648364518557773,-0.01420821493154234
2014-07-28,0.013822053854817273,-0.01191011235955064,-0.011110768186166964,-0.006027253668763
2014-07-29,-0.006463340739244594,-0.002046850125085209,-0.0012796104990481227,0.017400474558397105
2014-07-30,-0.002337873551534808,-0.006836827711941718,0.007843749999999927,0.1997926924073592
2014-07-31,-0.025980641874681742,-0.009637448370812374,-0.029518464543734968,-0.0239740820734341
2014-08-01,0.00554393305439338,-0.0069508804448562556,-0.018946292213808724,-0.023456516928523907
2014-08-04,-0.005617393113492075,0.011899206719552025,0.021461603595388512,-0.014955812372535737
2014-08-05,-0.004916832304634355,-0.006686649757897123,-0.004240395345129877,0.008281573498964745
2014-08-06,-0.001682085786375187,-0.00789229340761366,0.0050268954918033515,-0.008441706593657283
2014-08-07,-0.005054759898904693,0.01146467009826857,-0.007773423810889191,-0.010584445467096248
2014-08-08,0.0027519051651141435,-0.000693962526023495,0.017177717129555292,0.0030232558139535737
2014-08-11,0.013194004644289548,0.0,0.004829545454545281,0.0032460004637142603
2014-08-12,-0.00020835503698302116,0.007407407407407307,0.0031099802092169337,0.01247977813727763
2014-08-13,0.013233302073564657,0.012867647058823373,0.021796317173994773,0.007760785208856369
2014-08-14,0.002673796791443861,0.004310344827586299,0.021239426259654248,0.026727066817667122
2014-08-15,0.00492307692307703,0.01174610345606486,0.0012604663725579446,-0.012574454003970836
2014-08-18,0.012043274137579107,0.007144451886581749,0.0026975991367681473,0.008042895442359255
2014-08-19,0.01381605486083104,0.004876967412990485,0.0017935611155950326,-0.0006648936170211561
2014-08-20,0.0003978911767630322,-0.008382969335980484,0.00193954584787992,-0.0006653359946773296
2014-08-21,9.94332305856993e-05,0.006006674082313701,-0.00854726308892717,0.0011096316023080366
2014-08-22,0.007357327500497002,-0.001547987616099089,-0.003965035595206112,0.019286189315007807
2014-08-25,0.0021713383339914127,0.00044296788482833804,0.007328327150999847,0.002609830361026688
2014-08-26,-0.006401418160330907,-0.0037635598848794194,0.023381833423148368,0.044902386117136706
2014-08-27,0.012290613539498452,-0.002888888888888941,0.00394933153906929,-0.002283578991073232
2014-08-28,0.0011749730735337582,0.00022286605749965993,-0.009207995803951374,0.028506034124011537
2014-08-29,0.0024449877750611915,0.01225490196078427,-0.002882183400976346,0.006473801335221463
2014-09-02,0.007804878048780495,-0.007484041382346374,0.009851344974044274,0.025527638190954827
2014-09-03,-0.04220716360116161,-0.0028831226436016877,-0.009872071966820495,-0.03312426499412002
2014-09-04,-0.008287851222963383,0.006672597864768592,0.02050147492625376,0.01844719237786352
2014-09-05,0.008662861801875144,0.014361467079098578,0.0012429541841307845,0.009156050955414052
2014-09-08,-0.0061634838840052275,0.012197778261816561,-0.011663490963681578,0.02564102564102555
2014-09-09,-0.003761691744611717,0.0062405853238647335,-0.03677630425892375,-0.026730769230769225
2014-09-10,0.030717420144912744,0.0017108639863132602,0.004791508718726245,0.045445564117763126
2014-09-11,0.004257425742574261,0.0034158838599487318,-0.0024446926025413207,-0.005103005103004987
2014-09-12,0.0022675736961450532,-0.006382978723404209,0.0020271087982572933,-0.01006838905775076
2014-09-15,-0.000295101318119273,-0.00985010706638112,-0.022041728313052955,-0.052389176741508336
2014-09-16,-0.007576503001082369,0.011245674740484324,0.011948501034301673,0.02936411502632641
2014-09-17,0.007138607971445499,-0.0051325919589391145,-0.011471808640468595,-0.002557544757033181
2014-09-18,0.0020673360897816018,0.0034393809114359186,0.0030864197530864335,0.0035502958579880506
2014-09-19,-0.008154042636801417,0.01799485861182526,0.01944615384615389,0.04166666666666652
2014-09-22,0.0009904912836768975,-0.009680134680134733,-0.02058432934926957,-0.020000000000000018
2014-09-23,0.015634276667326308,-0.010624734381640466,-0.002681047765793587,0.00442818636888731
2014-09-24,-0.008671083398285262,0.011168384879725046,0.014151963662206724,0.015142802376844955
2014-09-25,-0.038132678132678066,-0.022090059473237056,-0.01913409097833696,-0.028512084592144937
2014-09-26,0.029426790640645795,0.008036490008688002,0.003976019631596772,0.008551992225461547
2014-09-29,-0.006352357320099311,0.0006464124111182912,-0.004300609510844322,-0.0028907303912121263
2014-09-30,0.006392967735491029,-0.0017226528854435985,0.0019265427878938368,-0.0030923850019327626
2014-10-01,-0.015583126550868465,-0.009922346850733454,-0.015444733903982155,-0.029468786351298903
2014-10-02,0.007259528130671544,-0.003050108932461937,0.0029925029925030877,0.03575709149021167
2014-10-03,-0.002802802802802762,0.007211538461538547,0.013598819132564888,0.04030858244937319
2014-10-06,0.0,0.0,-0.001673173452314658,-0.008342602892102202
2014-10-07,-0.008733186107207414,-0.012150141028422712,-0.016201117318435654,0.0007478033277248386
2014-10-08,0.020759493670886142,0.02745442565341527,0.018045302542747166,0.03530730431533713
2014-10-09,0.002182539682539675,-0.019880290722530947,-0.022714595599628074,-0.002345723565499891
2014-10-10,-0.002870718669570338,-0.03969465648854964,-0.012620097028886779,-0.08844275637547483
2014-10-13,-0.009133326714980683,-0.008630479218714626,-0.015864350171810315,-0.03789682539682537
2014-10-14,-0.010620178338843878,0.001832760595647187,0.006069505628977012,0.0018560527943904948
2014-10-15,-0.012253164556962015,-0.011662474273953727,-0.007589763549674,0.029024289831206307
2014-10-16,-0.01312282140660248,-0.011105969458583886,-0.010164395202144072,-0.03520704140828179
2014-10-17,0.014647828797007989,0.020823584464202183,0.0025754474014394457,0.011196350818992507
2014-10-20,0.02139858707893927,0.010314004125601572,0.008463970491371375,0.03957350830428541
2014-10-21,0.027165196471531594,0.01814882032667886,0.029783481924169797,-0.0013806706114398715
2014-10-22,0.005074655996877064,-0.011140819964349347,-0.007484222877620184,-0.0306142603199685
2014-10-23,0.01786581221477812,0.014420910319963953,0.0006709908297919398,0.012021189894050544
2014-10-24,0.0037203090718305187,0.02465570857396715,-0.08340251612491223,0.005637205556674019
2014-10-27,-0.001045428625736533,-0.004769130717537484,0.010137253535846158,-0.02782782782782789
2014-10-28,0.015507563504899569,0.012633413199738763,0.019381315308480085,-0.09843492586490943
2014-10-29,0.005621135469364935,0.0027963002796298486,-0.004973104638181125,-0.03883051621745093
2014-10-30,-0.003353828954723359,-0.012226512226512276,0.016829865361077,-0.0066539923954372915
2014-10-31,0.009534492428491248,0.01954397394136831,0.02136623532952142,-0.007894736842105177
2014-11-03,0.012962962962963065,0.010436634717784665,0.0008511752766320324,-0.030383409693754526
2014-11-04,-0.007312614259597949,0.002740303541315381,-0.00951851367264167,0.01715991047003218
2014-11-05,0.0023941068139963217,0.006096279167542518,-0.020772101317658054,-0.012958435207824026
2014-11-06,-0.0014697776961234421,0.017551190973673192,0.00040469445568591667,0.011642308645033683
2014-11-07,0.00285188592456298,-0.000410677618069899,0.010854908306364708,-0.012977473065621914
2014-11-10,-0.001651224658288264,0.00431388660640919,0.017508170479557217,-0.017861572810716875
2014-11-11,0.007994119268584177,-0.0004090816117816587,0.02261479466421945,0.0
2014-11-12,0.014129443938012631,-0.0018416206261508972,-0.0016025127399762473,0.074513766102551
2014-11-13,0.01411235955056167,0.017015170151701398,0.015954543995377435,-0.058768218147625784
2014-11-14,0.012054600248183167,-0.0006047167909696283,0.03583164812942363,0.04520479520479537
2014-11-17,-0.0016640392362936574,-0.0024203307785396477,-0.014550668049539306,-0.032974910394265255
2014-11-18,0.012983595052197705,-0.01455721795390208,0.005819532580096043,0.003459352606869359
2014-11-19,-0.006928206460552477,-0.010668855149774337,0.004954913365955882,-0.02216202905688247
2014-11-20,0.014301909828202675,0.009954375777685653,0.012249647822625054,0.0025182573659028318
2014-11-21,0.0013756340813342316,-0.014784394250513477,0.006322986627942173,0.005526249686008455
2014-11-24,0.01845968919034946,-0.00812838682784478,0.009049093587469637,0.003997002248313786
2014-11-25,-0.008598887202832639,-0.0025215381382643898,-0.001787629603146157,-0.010699178900223982
2014-11-26,0.011904761904761862,0.005898462186644249,-0.004387535816618993,0.03445674044265612
2014-11-28,-0.0005882352941175562,0.0012565445026178068,0.01519920856192103,0.014831023583758762
2014-12-01,-0.03245606659379474,0.016942062330056462,-0.03732577368296708,-0.06468615237182562
2014-12-02,-0.003823759450769071,-0.0032908268202385127,0.0009509202453987786,-0.003329918032786927
2014-12-03,0.011340835732356336,-0.007841518778374024,-0.030063436609359173,0.0038550501156515704
2014-12-04,-0.0037953937721039166,0.015806988352745632,0.0013586097946287623,-0.00691244239631339
2014-12-05,-0.0042427915836869,-0.008599508599508643,-0.013567664784021716,-0.007733952049497228
2014-12-08,-0.022608695652173827,-0.014869888475836368,-0.019160029427758074,-0.05715770329955838
2014-12-09,0.01530249110320292,-0.002306079664570193,0.01911035742238454,0.020942408376963373
2014-12-10,-0.019015071854188603,-0.01449884429502002,-0.02131200000000011,-0.01889338731443979
2014-12-11,-0.0029477445288075277,0.005756929637526609,0.004969918911849502,0.009628610729023324
2014-12-12,-0.01693244938183125,-0.004663981344074641,-0.0001301405517960541,0.01089918256130784
2014-12-15,-0.013761049849631002,-0.005963791267305618,-0.004067421580111974,-0.006738544474393482
2014-12-16,-0.013675845499907635,-0.0323548317977288,-0.03597216323063346,-0.046675712347354126
2014-12-17,0.02501405283867353,0.012843224092117023,0.0129465193519962,0.012524907486478831
2014-12-18,0.029613380860981753,0.03891560996939214,-0.0038476980728050503,0.032611751475962736
2014-12-19,-0.007723035952063917,0.002946127946127808,0.00728848285359196,0.009528995371630877
2014-12-22,0.010377527285739818,0.006714225765841464,0.02214071357119063,0.03640776699029136
2014-12-23,-0.0035417035594119683,0.009795748228428547,-0.0008481764206956788,-0.022378350247202694
2014-12-24,-0.004709436644748544,-0.006398348813209553,-0.010611205432937143,0.0010646792653712378
2014-12-26,0.01767699312561377,-0.00540091400083087,0.01999801999802009,-0.00026588673225202974
2014-12-29,-0.0007018159487673925,-0.008980785296574756,0.009544145718075825,-0.03138297872340423
2014-12-30,-0.012202616100430164,-0.009062170706006345,-0.005576208178438735,-0.01537616694124111
2014-12-31,-0.019018841094916472,-0.012122501063377311,0.00016113438607812114,0.0002788622420524245
2015-01-02,-0.00951259286102557,0.0066738428417651985,-0.0058965683905269906,0.019236130471145918
2015-01-05,-0.028171590597274254,-0.009409751924721932,-0.020517308440295534,-0.004923413566739643
2015-01-06,9.41176470588001e-05,-0.014464594127806651,-0.022833316787451485,0.06542056074766345
2015-01-07,0.014022209674383612,0.01270536692223434,0.010599749398896074,-0.03818369453044368
2015-01-08,0.03842227378190266,0.02941812675751687,0.006836002948863884,0.048551502145922854
2015-01-09,0.0010724819018679277,-0.008405127127547929,-0.011748652066830734,0.027628549501151234
2015-01-12,-0.024640657084188944,-0.01250264886628516,-0.018590240123934842,-0.019915359721185077
2015-01-13,0.008878718535469066,-0.0051502145922747156,0.011427198792079762,0.007112014224028407
2015-01-14,-0.003810560696788312,-0.008628127696289845,-0.004987446563072595,0.0050441361916773175
2015-01-15,-0.02714025500910755,-0.010443864229765065,-0.02155010740955432,-0.07327478042659974
2015-01-16,-0.007770080509267863,0.01671064204045747,0.013207875936574354,0.010289737340915206
2015-01-20,0.025757146900651007,0.0032439446366780977,-0.004471348971589739,0.006968641114982521
2015-01-21,0.007634289919058013,-0.010131493856434526,0.026983139856274097,0.006920415224913379
2015-01-22,0.026015518028297713,0.026350174216027922,0.043969722455845295,0.03277821834522876
2015-01-23,0.005160142348754393,0.0010608953957138567,0.006670533642691323,0.008958280010238129
2015-01-26,0.0010621348911310502,-0.0036032217041119807,-0.008739076154806402,0.017250126839167823
2015-01-27,-0.035013262599469464,-0.09253350350989153,-0.009397403603952803,-0.029426433915211936
2015-01-28,0.056532893531244355,-0.034458509142053395,-0.00925835370823136,-0.04547790339157254
2015-01-29,0.031133466308212565,0.019907744598203436,0.025895824421703573,-0.012651413189771143
2015-01-30,-0.014634146341463539,-0.038324208521780534,0.13711591506831744,0.023173391494002216
2015-02-02,0.012546944349607347,0.0217821782178218,0.02803711956675059,-0.0018651745270450437
2015-02-03,0.00016859141869685068,0.007751937984496138,-0.0025242132411447127,0.0621996796583022
2015-02-04,0.007669616519174083,0.005769230769230749,0.0033007839361847147,0.02337270671022873
2015-02-05,0.003178320508531174,0.014579349904397798,0.025058259081562673,0.013261296660117772
2015-02-06,-0.008420877105219216,-0.0009422850412250661,0.0010430875391156391,0.16359670382937463
2015-02-09,0.006642562852097855,-0.0011789672247111138,-0.009939083039435692,-0.014372005832118284
2015-02-10,0.01921149348479778,0.0056657223796034994,0.0065846286701209955,-0.022400676246830176
2015-02-11,0.023438780527782255,-0.00516431924882621,0.005737265415549642,0.026805015131863508
2015-02-12,0.012652146060217806,0.016753185464841946,0.0054113131097723866,0.0094736842105263
2015-02-13,0.004902736043017608,0.018101647714086733,0.01235517140811826,0.011470281543274119
2015-02-17,0.005901794145420247,-0.00661043993617505,-0.016761385957101305,-0.00969072164948448
2015-02-18,0.006962371900179898,-0.0011473152822395472,-0.005487041525717218,-0.004372267332916957
2015-02-19,-0.002097576134244994,-0.000689179875947632,0.01507887618180348,0.018402342116269343
2015-02-20,0.008174386920980936,0.008275862068965578,0.012295514511873495,0.008418891170431042
2015-02-23,0.027027027027026973,0.006611947104423255,-0.009174790178804293,-0.013031969049073555
2015-02-24,-0.006240601503759491,-0.0013590033975083848,-0.004077445151786208,0.004538890035073129
2015-02-25,-0.025573125520163442,-0.00226808800181455,0.01790855542935632,-0.002875333744095321
2015-02-26,0.012656262132153095,0.0015912707433507478,-0.0014790980097049156,0.017713697219361446
2015-02-27,-0.0150283698819198,-0.004766227871084938,-0.012058212058212003,-0.02691762801052411
2015-03-02,0.004904250350303618,0.000684150513112991,0.01446759259259256,0.001455906821963504
2015-03-03,0.002091564025098913,-0.013673655423883324,-0.002722605403723488,-0.009138110072689498
2015-03-04,-0.006338899196042247,-0.005083179297597051,-0.0049140687969631,-0.0029343953049675298
2015-03-05,-0.016570717286447767,0.0011611704598233352,0.013351797658862852,-0.004624763506411611
2015-03-06,0.0015030456451230467,-0.01739735560194855,-0.019957197741278465,-0.012671594508975703
2015-03-09,0.004265402843601995,0.011567516525023747,-0.004025362414164957,0.017967914438502763
2015-03-10,-0.020685858109171007,-0.019136522753792296,-0.023906382079459054,-0.03677243118302165
2015-03-11,-0.01823146735201997,-0.0011896264572924808,-0.008497740250602126,0.00938045375218155
2015-03-12,0.018079188481675557,-0.022868032396379134,0.021481016458771096,0.01728982061811113
2015-03-13,-0.006910405785455986,0.008776206728425162,-0.00977982043608383,-0.008710431272572872
2015-03-16,0.011004126547455195,0.004349927501208217,0.007474769280587212,-0.004929275610801476
2015-03-17,0.01672669067627064,0.00336862367661217,-0.003830186152403936,0.01076889941847936
2015-03-18,0.01125629722921917,0.01918465227817734,0.00865777586577754,0.005753249520562553
2015-03-19,-0.0075504008717988125,-0.005176470588235227,-0.005064775817028244,0.015466101694915135
2015-03-20,-0.012549019607843048,0.014191106906338735,0.014066016504125978,0.01064051742123917
2015-03-23,0.010405083399523285,-0.0004664179104478805,-0.008930222727152604,0.00041288191577204536
2015-03-24,-0.00408772895212639,0.0009332711152589823,-0.0027192023673057175,0.0621130829550145
2015-03-25,-0.02612676612203013,-0.03356643356643352,-0.0083669705151167,-0.038274723139693045
2015-03-26,0.006970335548711404,-0.006029908345393187,-0.009731507440155163,0.00848484848484854
2015-03-27,-0.007968448164842212,-0.005823829167677763,0.008738260514495666,0.0018028846153845812
2015-03-30,0.02531440162271803,-0.00024408103490358712,0.010875431778929023,-0.002399520095980767
2015-03-31,-0.015351744876157314,-0.007324218750000111,-0.006647267679329327,0.0038083784325515513
2015-04-01,-0.001446596479948603,0.0014756517461880225,-0.004944907282988575,0.007787539936102261
2015-04-02,0.008611670020120643,-0.01055992141453832,0.005374601631286113,-0.000990687537150703
2015-04-06,0.016198531758697676,0.031025068255150057,0.012867696440564291,0.008330027766759285
2015-04-07,-0.01052218296034546,-0.0002407318247471535,-0.006975387226819452,0.03992918961447667
2015-04-08,-0.0032537100230141114,-0.0026486876956416383,0.018135199380358236,-0.01078116133913376
2015-04-09,0.007643312101910826,0.0014485755673585565,0.0061385099685205,-0.0024856596558316957
2015-04-10,0.004266750948166864,0.005785920925747368,-0.0023204880846848797,-0.004408663983132111
2015-04-13,-0.0019669551534224894,0.0009587727708533222,-0.0007578727296484455,-0.006160954948016939
2015-04-14,-0.004335829720141904,-0.002634099616858232,0.0071921749136938384,-0.008136381247578317
2015-04-15,0.0038004750593825243,0.014645858343337315,-0.00431045675261621,0.001953124999999778
2015-04-16,-0.0048114844612714425,-0.0023663038334122977,0.0067544660320773,0.014230019493177481
2015-04-17,-0.011254656415946807,-0.012808349146110065,-0.027147445860532637,-0.026330962906015887
2015-04-20,0.022845691382765487,0.030754444978375872,0.037144530833954637,0.014607185155941504
2015-04-21,-0.0054075235109717346,-0.006060606060605989,0.004287438063207638,-0.0015564202334630295
2015-04-22,0.013474115514931828,0.007973733583489517,-0.003527787719208586,0.007989088074824569
2015-04-23,0.00816358264655559,0.008375988832014958,0.0004874294510004429,-0.006185965590566389
2015-04-24,0.004704249248091319,0.1045223811721272,0.14131131567476096,-0.011476366465668075
2015-04-27,0.018191587350322447,0.0033423856277419173,-0.014693327342170326,0.016528925619834656
2015-04-28,-0.01575574820957404,0.02352696231521967,-0.021091754834002163,-0.1817653890824621
2015-04-29,-0.014705882352941346,-0.002034174125305044,0.00013975914840091974,-0.08942512420156146
2015-04-30,-0.02712997512437798,-0.008560945780676787,-0.017677061741621536,0.012210963886723825
2015-05-01,0.03036356372353155,0.0004111842105263275,0.00258428564654567,-0.028747433264887046
2015-05-04,-0.0019387359441643826,-0.008631319358816114,0.00040201480360391173,0.0010570824524311906
2015-05-05,-0.022533022533022473,-0.013266998341625258,-0.004373108925869951,-0.012143611404435095
2015-05-06,-0.006279809220985588,-0.027731092436974802,-0.004962131104726986,-0.004275788348476861
2015-05-07,0.001999840012798959,0.00907519446845284,0.018563588642328765,0.012077294685990392
2015-05-08,0.01884081111288527,0.0224839400428265,0.015952961019490175,-0.0031821797931582685
2015-05-11,-0.010186491145588561,-0.007958115183246073,-0.001936867347644533,-0.007448789571694592
2015-05-12,-0.0036415452818239213,-0.0004222081486171536,-0.004227792537830788,0.004556419190565375
2015-05-13,0.0011918004131574733,0.005702217529038878,-0.009628323511669978,0.006403415154749181
2015-05-14,0.023331481628442008,0.023099538009239806,0.012673647714760872,-0.01033934252386004
2015-05-15,-0.0013958898797982178,-0.008620689655172487,-0.014527620986397594,-0.00616126439860698
2015-05-18,0.011027413217364224,-0.00600414078674949,-0.0017840375586853918,0.004851752021563405
2015-05-19,-0.00092172977955296,-0.008956467402624457,-0.008301194619509067,0.005901287553647938
2015-05-20,-7.688167909580823e-05,0.0,0.005098290294278218,-0.019199999999999995
2015-05-21,0.010226049515608127,-0.0033627574611180266,0.018331524559996204,-0.002718868950516651
2015-05-22,0.008752568688636941,-0.010965837199493955,-0.009267196441396619,-0.0021810250817884125
2015-05-26,-0.022031084955485003,-0.006609808102345349,-0.005051095573275877,-0.0024590163934427034
2015-05-27,0.01866995833976226,0.021893110109465486,0.013984534749805988,-0.0027389756231169793
2015-05-28,-0.0019691002726446305,-0.0033606385213189593,-0.011241945204209403,0.01153529250205998
2015-05-29,-0.011382607375929554,-0.012434141201264515,0.006235787795672465,-0.004344284550637956
2015-06-01,0.0019957015658580435,0.007895860008535927,0.003937283041725914,-0.0010908099263703397
2015-06-02,-0.0044430825800519935,-0.006563624814736269,0.00016244314489921585,-0.0062790062790063494
2015-06-03,0.001231148045552466,-0.0014919011082693556,0.012993340912782037,0.016483516483516425
2015-06-04,-0.005840762373193864,-0.010458911419423789,-0.013307679974346676,-0.007837837837837869
2015-06-05,-0.0054885590599876855,-0.004745470232959459,-0.008890849157342506,0.007899754835194672
2015-06-08,-0.006607073455110801,-0.008885999133073308,-0.00808057149549124,-0.014594594594594557
2015-06-09,-0.0029733959311423197,-0.0017493986442159715,0.00467532467532461,-0.015907844212835975
2015-06-10,0.011458169832051501,0.021029572836801735,0.012433016828052867,-0.0008361204013378476
2015-06-11,-0.0022501551831159983,-0.0036472859901308663,0.005107133737261238,-0.0002789400278939702
2015-06-12,-0.0110428493662027,-0.010120585701981044,-0.007044367970067245,0.0016741071428569843
2015-06-15,-0.0019658724541952166,-0.010659125516641277,-0.014537588388537359,-0.034261838440111325
2015-06-16,0.005357705641348742,0.007695690413368483,0.0084735761323671,0.004326507066628071
2015-06-17,-0.0023510971786833146,0.0030547676194632167,0.0012872723868371239,-0.0037334865020104413
2015-06-18,0.004556166535742312,0.016314988035675437,0.02706809097496543,-0.000864802536754139
2015-06-19,-0.010009383797309979,-0.013270547945205435,-0.010173194656227902,0.034622042700519495
2015-06-22,0.0079778830963666,0.002819956616052055,0.0031500045985468628,-0.00864472950362527
2015-06-23,-0.004545098346524501,-0.006921912178239231,0.022232918471658758,-0.005063291139240533
2015-06-24,0.008501928678265047,-0.005881071661947179,-0.011547344110854563,-0.005654509471303193
2015-06-25,-0.0047615330575287995,0.0002191060473268891,-0.0016786135559385684,0.0
2015-06-26,-0.00588235294117645,-0.008543263964950754,-0.004544421722335823,0.002558999147000085
2015-06-29,-0.01751479289940827,-0.01966416261599646,-0.01880849121205208,-0.02977878615995455
2015-06-30,0.0071468722396210715,-0.004958305161144927,0.009840413157772288,0.058754750073078066
2015-07-01,0.009408387816935093,0.006568516421290971,0.007602110161487374,-0.022639425731640017
2015-07-02,-0.0012638230647709081,-0.0009000900090009312,0.0007316125197192047,0.009039548022598876
2015-07-06,-0.0034799114204365766,-0.00022522522522516741,-0.003815311507619157,-0.008118701007838736
2015-07-07,-0.002460317460317496,-0.0020274836674927244,0.001559489955049953,0.002540220152413397
2015-07-08,-0.024822977166043425,-0.0013544018058689877,-0.016074372595713537,-0.021396396396396566
2015-07-09,-0.02039650811781024,0.006329113924050667,0.010914591575517774,-0.011507479861910253
2015-07-10,0.0267344049304572,0.0020215633423179558,0.020994958447478007,0.016006984866123286
2015-07-13,0.019305645684620343,0.020847343644922578,0.027192171540664223,0.02492122600973956
2015-07-14,-0.0003978990927900883,0.0017566974088711884,0.021950523519985943,0.026271660145332554
2015-07-15,0.009632991003900804,0.003068829460762812,-0.009407822668986432,-0.028867102396514244
2015-07-16,0.013325973821163739,0.019667832167832078,0.03098506038725901,0.012338754907459393
2015-07-17,0.008637460119835128,-0.0008572653236176286,0.01583662824934806,-0.011911357340720241
2015-07-20,0.018901404104304742,0.006435006435006496,0.010538084097637901,0.003924866834875251
2015-07-21,-0.009994699780419447,0.007672634271099765,-0.00020487604998975506,0.02289863166713202
2015-07-22,-0.042294455066921643,-0.03680203045685282,0.0005532786885245056,-0.014742014742014753
2015-07-23,-0.00047915668423581526,0.012516469038208244,-0.012472607368873678,0.002770850651149681
2015-07-24,-0.005273250239693161,-0.0036868358273693946,0.09797171180886788,-0.02127659574468077
2015-07-27,-0.013895582329317313,-0.012842838484980357,0.0037588304181934706,-0.02032749858836813
2015-07-28,0.004968640547365011,-0.00022050716648291946,-0.010124009710016701,0.05302593659942345
2015-07-29,-0.0031609661209272,0.020952801058667703,0.005646065813736945,-0.14504652435686916
2015-07-30,-0.005041060248800688,0.012745733419745164,0.014669187145557538,0.007362355953905331
2015-07-31,-0.008743973196044807,-0.0038395904436859807,-0.0011364483195469566,-0.014617095646647482
2015-08-03,-0.023577906018136807,0.00235546038543899,-0.00208896763965305,-0.05611093195743311
2015-08-04,-0.03208375548801079,0.015594958342234566,-0.005850139244528374,0.0023915271609156186
2015-08-05,0.0066294487090021725,0.0008413967185527671,0.009607068997931956,-0.029311520109066125
2015-08-06,-0.0023396880415945676,-0.020176544766708715,-0.014059328504124613,-0.0330056179775281
2015-08-07,0.0033874750282290034,0.002574002574002643,-0.01291882295168667,-0.01815541031227308
2015-08-10,0.036357340720221565,0.012623020967051701,0.002640541885117198,0.09097633136094685
2015-08-11,-0.05203808887403949,-0.01943798859074586,0.00660305343511447,0.004067796610169427
2015-08-12,0.015419860780685468,0.007110536522301425,-0.0029386114586889,-0.007765023632680612
2015-08-13,-0.0007809788267961748,-0.00021394950791620015,0.007130497613660136,-0.028921401837359695
2015-08-14,0.007034303082935178,0.005777872886796542,0.0035116867424385134,0.01822004204625083
2015-08-17,0.010348395998620141,0.006808510638297793,0.006961167971101911,0.0
2015-08-18,-0.0056333219528849066,-0.0010566356720201897,-0.00037367811367294834,-0.026152787336545025
2015-08-19,-0.012789699570815438,-0.01396234398138363,-0.00392508691263882,-0.024381625441696197
2015-08-20,-0.02051995478654034,-0.020381892297790194,-0.03216242588005702,-0.058312205722564237
2015-08-21,-0.06116289391921881,-0.056723609286027044,-0.041316064988948686,-0.0050000000000000044
2015-08-24,-0.024962178517397904,-0.03227304388205243,-0.06289562561935003,-0.027058368766911478
2015-08-25,0.006012412723040983,-0.029030710172744723,0.0064743077885922595,-0.03138657131505773
2015-08-26,0.05735492577597845,0.05534964170990864,0.07376117674807547,0.026661197703035322
2015-08-27,0.029446622299206915,0.027862327323811664,0.03514587535195801,0.0571314422692768
2015-08-28,0.0032766560396741973,0.0006833712984055662,-0.0006944846345274813,0.013983371126228272
2015-08-31,-0.004678259334451429,-0.00933302982016837,-0.009883979073763038,0.035780842340663366
2015-09-01,-0.04469670095778655,-0.03906250000000011,-0.03187818050654134,-0.02734796689456631
2015-09-02,0.04288897140735237,0.03682448589191778,0.02821524952672494,0.029226785053644067
2015-09-03,-0.01753605127292146,0.0032287822878229733,-0.011419057878758188,0.017253774263120025
2015-09-04,-0.009966476397571866,-0.020459770114942488,-0.011333016325883682,-0.005300353356890497
2015-09-08,0.027820993868399535,0.03003989673785501,0.037154308617234344,-0.034458259325044316
2015-09-09,-0.019232481524352196,-0.0186830713146503,-0.0012559415697337428,0.0
2015-09-10,0.02197004085338161,0.005107963779893199,0.01035036468107342,0.019499632082413676
2015-09-11,0.014568712800923977,0.004389004389004247,0.01378676470588247,-0.0115481775532299
2015-09-14,0.009631380789773214,-0.010119595216191324,-0.015223632517376906,-0.017889740781307117
2015-09-15,0.008412106495533811,0.02184014869888462,0.0018988070121601641,0.010037174721189812
2015-09-16,0.0011179910560714656,0.007276034561164213,0.00961004651875097,0.021347073978652764
2015-09-17,-0.021389914955759814,-0.0011286681715575453,0.02176757238476279,-0.012252252252252238
2015-09-18,-0.004125702247190999,-0.017401129943502847,0.0025794718577765163,0.020065669463699365
2015-09-21,0.01551344204495364,0.01448942042318313,0.01504831007292795,-0.0207439198855508
2015-09-22,-0.015710441801926822,-0.004760825209703001,-0.018216962380787405,-0.020087655222790435
2015-09-23,0.008112874779541368,-0.0006833712984054552,-0.00432763744427922,-0.001490868430860992
2015-09-24,0.005948215535339418,0.0009117848187827349,-0.004327793012106729,-0.007092198581560183
2015-09-25,-0.0025217391304348524,0.0006832156684126733,-0.01779859484777513,-0.049248120300751985
2015-09-28,-0.01978903321419223,-0.014792899408283988,-0.03851216022889847,-0.0011862396204032066
2015-09-29,-0.030060476698683725,0.0034650034650034467,-0.01585128754513354,0.013064133016627011
2015-09-30,0.011369888134971529,0.01887661141804786,0.03189066059225509,0.05275498241500598
2015-10-01,-0.006527651858567518,0.00790781744238589,0.017249799761667628,-0.08389012620638459
2015-10-02,0.007300602299689762,0.02151983860121054,0.02269933937624824,0.06604538087520262
2015-10-05,0.0036238448994383443,0.023260917270133907,0.02091861644195747,0.06993538578487257
2015-10-06,0.004784257086116739,0.0025734505683037145,-0.011403766921718517,-0.01882770870337469
2015-10-07,-0.0047614769562482895,0.0010695187165774556,0.008297983180769686,0.08001448225923236
2015-10-08,-0.011554432207979803,0.013888888888889062,-0.01620105546739503,0.016426416359369922
2015-10-09,0.02392694063926948,-0.007165437302423694,0.012454047565458648,0.017480211081794206
2015-10-12,-0.004637887977167465,-0.002334960730205893,0.019247869581326515,-0.06807131280388978
2015-10-13,0.0017025089605735566,-0.002340425531914936,-0.00234464457732797,0.010782608695652174
2015-10-14,-0.01413364343859036,-0.00447856685860526,-0.0074148296593185,0.0110116999311769
2015-10-15,0.014971418201615183,0.007069408740359773,0.03232200869996138,0.011232130701157361
2015-10-16,-0.007330591811192555,0.010636034886194468,0.014792688997937509,0.04846852911477617
2015-10-19,0.006213976945244948,0.0023153020416755155,0.004187399257130853,-0.007704654895666074
2015-10-20,0.01825830126197081,0.0031499370012599837,-0.02140800837477097,0.0
2015-10-21,-8.789663355890376e-05,-0.01193217500523347,-0.009110683212095294,-0.05208670333225496
2015-10-22,0.015295358649789037,0.01758474576271185,0.014646346510247099,-0.005119453924914752
2015-10-23,0.03099567099567091,0.10077035186341865,0.062279441754889975,0.03876500857632936
2015-10-26,-0.03191132012092712,0.02610175903158707,0.015992521242675695,0.020145310435931263
2015-10-27,-0.006332408049965377,-0.010322580645161339,0.003943412037265226,0.014567821301392003
2015-10-28,0.0412047140986469,0.005401378282734237,0.009967103648058195,-0.014996809189534055
2015-10-29,0.0105642659512033,-0.011485735457576807,0.015313563441905487,-0.058632977000323994
2015-10-30,-0.008545590309466555,-0.013493253373313308,-0.0010374271805920765,-0.020646937370956575
2015-11-02,0.014058577405857697,0.011398176291793405,0.003914363316823932,0.026001405481377304
2015-11-03,0.011470539693018589,0.017092411720510903,-0.004838067955757253,-0.002397260273972579
2015-11-04,-0.004650403850860685,0.004616805170821747,0.02501159424925259,0.007895640233436252
2015-11-05,-0.008852459016393421,-0.0003676470588234171,0.022934706295342666,-0.023841961852861027
2015-11-06,0.001157790274561643,0.009930121368149969,0.005673758865248235,-0.013258897418004123
2015-11-09,-0.004047579712539329,-0.013838310269483012,-0.005884404810652555,-0.04207920792079212
2015-11-10,-0.03151696110143487,-0.012001477104874425,0.006392164640192766,-0.0014765596160944972
2015-11-11,-0.005652136678941488,0.0026163333956270574,0.020570579674993983,-0.020332717190388205
2015-11-12,-0.0033588838170700575,-0.0061509785647716475,-0.01136279242480498,-0.013962264150943482
2015-11-13,-0.029208434151399842,-0.00900225056264059,-0.03493088942307687,-0.03635667814772292
2015-11-16,0.01637884991988603,0.017411052233156532,0.008500038919591946,0.009134233518665713
2015-11-17,-0.004291469609388754,-0.014694940476190466,-0.006961917846282084,-0.00708382526564344
2015-11-18,0.031665054094467404,0.01661317727015299,0.03146277009171472,0.02655568767340455
2015-11-19,0.01270355529030609,0.0016713091922004875,-0.003421044699641329,0.016216216216216273
2015-11-20,0.004377841387438908,0.0046347793845014085,0.010857894657250622,-0.0018996960486322712
2015-11-23,-0.012992455993294239,0.0,0.01576782107861474,-0.04073087171678724
2015-11-24,0.00959660297239906,0.001107215353386204,-0.011546561805033995,0.012698412698412653
2015-11-25,-0.007150067294750984,-0.010322580645161339,0.00624301571928787,0.021159874608150497
2015-11-27,-0.0018639328984156878,0.004470106165021415,-0.003079930109278317,-0.011895625479662275
2015-11-30,0.004159239453357166,0.00778787316892271,-0.012565724979948345,-0.013592233009708798
2015-12-01,-0.008114961961115719,0.016007359705611623,0.02145006016847173,0.005118110236220552
2015-12-02,-0.009033577637634238,-0.0001810938065918144,-0.004491502959974025,-0.0050920485703095375
2015-12-03,-0.009287925696594423,-0.018293787357362756,-0.014437656247688668,0.019685039370078705
2015-12-04,0.03324652777777781,0.03154981549815483,0.009590994371482253,-0.03397683397683393
2015-12-07,-0.006300932538015669,-0.0017885888034340214,-0.0041775689819218975,-0.022382094324540303
2015-12-08,-0.000422725735542806,-0.0003583587170759017,0.011196870847827167,0.021668029435813363
2015-12-09,-0.022075615326059395,-0.014518730955368375,-0.01851387063912724,-0.027210884353741527
2015-12-10,0.004756962463241532,0.00527464532557298,-0.0037154590171331048,0.06581653640477181
2015-12-11,-0.02573814237755012,-0.02189252759182203,-0.03347324556105824,-0.04129679660362795
2015-12-14,-0.006184838310655638,0.019977802441731418,0.02774349761774575,0.0032206119162641045
2015-12-15,-0.01769203413940268,0.0010881392818280489,0.0011095742578772771,-0.03892455858748001
2015-12-16,0.00769300389175509,0.016847826086956452,0.026008137981294865,0.014613778705636848
2015-12-17,-0.02119633554876954,-0.007660787457687501,-0.007576542314692847,-0.040740740740740855
2015-12-18,-0.027069187006790285,-0.02818671454219035,-0.00970700067099084,-0.013728013728013688
2015-12-21,0.012260680939356838,0.01293183077775728,0.0005571114524045573,-0.03697259678120912
2015-12-22,-0.0009317059536010364,0.009483859201167233,-0.002046620818347389,0.01897018970189701
2015-12-23,0.012869532780005466,0.008491418247515758,0.0008293749528764938,0.004875886524822848
2015-12-24,-0.005340208083970177,-0.002687208885704062,-0.0013711014012356415,0.013233348037053227
2015-12-28,-0.011200592428029288,0.005029638943775838,0.01872387935846964,-0.019155420113191046
2015-12-29,0.017974162141920935,0.01072386058981234,0.02779917061611381,-0.0026631158455393544
2015-12-30,-0.013058672061798782,-0.0042440318302385815,-0.007060823954926021,-0.010680907877169465
2015-12-31,-0.01919493104733494,-0.014739833066950925,-0.019127229454191985,0.040935672514619936
2016-01-04,0.0008550256507693366,-0.012256669069935056,-0.0575537439524183,-0.025064822817631893
2016-01-05,-0.025059326056003806,0.0045620437956204185,-0.0050236267445329386,-0.028368794326240954
2016-01-06,-0.019569662155583645,-0.01816530426884655,-0.0017987030404392756,-0.024178832116788396
2016-01-07,-0.04220456802383321,-0.034782608695652084,-0.03905793092547205,-0.05282842449742864
2016-01-08,0.005287713841368502,0.003066896683917797,-0.00146396025923623,-0.013820335636722691
2016-01-11,0.016192244224422447,-0.000573284922606554,0.017609752079730034,-0.016516516516516644
2016-01-12,0.014513346188977927,0.009177820267686432,0.00024282060413760576,-0.0015267175572517555
2016-01-13,-0.0257102841136454,-0.021599090564607848,-0.05839227046885376,-0.04791029561671767
2016-01-14,0.02187082862716916,0.02846630518977533,0.019233082965229187,0.017130620985010614
2016-01-15,-0.024015273311897123,-0.03991715307851629,-0.038482293423271585,-0.0557894736842105
2016-01-19,-0.004838875733552905,-0.008433026083545792,0.007541478129713619,-0.06967670011148275
2016-01-20,0.001344920339333866,0.004549050632911333,-0.004717309566912742,0.04134212103055712
2016-01-21,-0.0050625064572787926,-0.006103563693640512,0.005684103748010649,0.02589182968929804
2016-01-22,0.05316718587746627,0.03585578446909676,0.0371465340335988,0.000560852495793629
2016-01-25,-0.0195227765726681,-0.009562057754828879,0.0002515174888493288,-0.04596412556053808
2016-01-26,0.005530973451327359,0.007337323807685037,0.007912426868724065,-0.000587544065804857
2016-01-27,-0.06570657065706564,-0.018209699060762974,-0.029771309771309706,-0.013521457965902428
2016-01-28,0.0071719117961892564,0.01639984381101134,0.08914031027684932,-0.01728247914183567
2016-01-29,0.03454139653523214,0.05820207452938919,-0.07609978751869051,0.018799272286234237
2016-02-01,-0.00934867474830492,-0.006897803594118734,-0.02076660988074963,0.06607142857142856
2016-02-02,-0.02022192263818312,-0.03125571193566079,-0.039508707224996,-0.10217755443886112
2016-02-03,0.019792548687552758,-0.01584905660377367,-0.03809092555696425,0.029850746268656803
2016-02-04,0.002594706798131785,-0.0030674846625766694,0.00977272299320231,0.021135265700483075
2016-02-05,-0.026708074534161463,-0.03538461538461546,-0.0636445008018498,-0.07037256061502062
2016-02-08,0.010529674537332667,-0.014952153110047828,-0.027940971461573594,-0.05216284987277353
2016-02-09,-0.0002105041574572697,-0.002631046346893262,-0.012354025814382386,-0.03355704697986572
2016-02-10,-0.00757974523634064,0.008725649350649345,0.017445599186840077,0.04027777777777786
2016-02-11,-0.006046462289169385,-0.0004023335345001433,0.027197847007013554,-0.04472630173564751
2016-02-12,0.003094983991462019,0.01630106661300057,0.006470564884283991,0.10971348707197759
2016-02-16,0.02819448877540176,0.011683168316831694,0.02764849727853602,0.030226700251889005
2016-02-17,0.01531456953642385,0.02603249168134658,0.024947227019765927,0.0672371638141811
2016-02-18,-0.018956379942926982,-0.004387638305990205,-0.017038007863696025,0.05555555555555558
2016-02-19,-0.002285476833575717,-0.007089480743437404,0.018857142857142906,-0.006511123168746691
2016-02-22,0.008746355685131046,0.01601698186028555,0.0459899046550758,-0.0005461496450026582
2016-02-23,-0.02260528488852187,-0.027920227920227858,-0.011724754244861413,0.0
